company,line,display_name,source
一般社団法人札幌市交通事業振興公社,1条線,札幌市電1条線,Wikidata Q1077726（札幌市電）の別名「札幌市電1条線」 2026-10-08確認
一般社団法人札幌市交通事業振興公社,山鼻線,札幌市電山鼻線,Wikidata Q1077726（札幌市電）の別名「札幌市電山鼻線」 2026-10-08確認
一般社団法人札幌市交通事業振興公社,山鼻西線,札幌市電山鼻西線,Wikidata Q1077726（札幌市電）の別名「札幌市電山鼻西線」 2026-10-08確認
一般社団法人札幌市交通事業振興公社,都心線,札幌市電都心線,Wikidata Q1077726（札幌市電）の名称＋国土数値情報の路線名（Wikidataに個別の項目・別名なし） 2026-10-08確認
御岳登山鉄道,ケーブルカー,御岳登山鉄道ケーブルカー,国土数値情報の運営会社名＋路線名（Wikidataには事業者Q6880754の項目だけ） 2026-10-08確認
三岐鉄道,近鉄連絡線,三岐鉄道近鉄連絡線,国土数値情報の運営会社名＋路線名（Wikidataに項目なし） 2026-10-08確認
立山黒部貫光,鋼索線,立山ケーブルカー・黒部ケーブルカー,国土数値情報の「鋼索線」は立山〜美女平と黒部平〜黒部湖の2区間。Wikidata Q11597852（立山ケーブルカー）・Q6446257（黒部ケーブルカー） 2026-10-08確認
横浜市,1号線,横浜市営地下鉄ブルーライン（湘南台〜関内）,Wikidata Q841360 の別名「横浜市営地下鉄1号線」。区間は国土数値情報の駅の並び 2026-10-08確認
横浜市,3号線,横浜市営地下鉄ブルーライン（関内〜あざみ野）,Wikidata Q841360 の別名「横浜市営地下鉄3号線」。区間は国土数値情報の駅の並び 2026-10-08確認
