qid,name,kind,companies,operators,manufacturers,entry,retired,max_speed_kmh,wp,image,sitelinks,source
Q101104856,長野電鉄3000系電車,電車,長野電鉄,長野電鉄,,,,,長野電鉄3000系電車,長野電鉄3000系.jpg,3,Wikidata Q101104856（2026-10-07取得）
Q101204007,東京都交通局6500形電車,電車,東京都,東京都交通局,近畿車輛,2022-05-14,,,東京都交通局6500形電車 (鉄道),Toei Series6500-6505.jpg,5,Wikidata Q101204007（2026-10-07取得）
Q1044395,営団05系電車,電車,,帝都高速度交通営団,近畿車輛,1988-11-16,,,営団05系電車,Tokyo-Metro Series05R-120F.jpg,8,Wikidata Q1044395（2026-10-07取得）
Q1047440,東京地下鉄16000系電車,地下鉄車両,東京地下鉄,東京地下鉄,川崎車両|日立製作所,2010-11-04,,,東京メトロ16000系電車,TokyoMetro-16000-01.jpg,7,Wikidata Q1047440（2026-10-07取得）
Q104855163,JR東日本FV-E991系電車,電車,東日本旅客鉄道,東日本旅客鉄道,総合車両製作所,,,,JR東日本FV-E991系電車,SERIES FV-E991 SOUND OF HYDROGEN.jpg,3,Wikidata Q104855163（2026-10-07取得）
Q106089230,しなの鉄道SR1系電車,電車,しなの鉄道,しなの鉄道,総合車両製作所,2020-07-04,,,しなの鉄道SR1系電車,Series-SR1-300 S303.jpg,3,Wikidata Q106089230（2026-10-07取得）
Q106089805,JR東海315系電車,電車,東海旅客鉄道,東海旅客鉄道,日本車輌製造,2022-03-05,,,JR東海315系電車,Series315 C6.jpg,5,Wikidata Q106089805（2026-10-07取得）
Q108128494,JR西日本DEC700形気動車,気動車,西日本旅客鉄道,西日本旅客鉄道,川崎車両,2021,,,JR西日本DEC700形気動車,JRW DEC700-1 Rapid Harenomori.jpg,5,Wikidata Q108128494（2026-10-07取得）
Q10815122,国鉄キハ181系気動車,気動車,,日本国有鉄道,SUBARU,,,,国鉄キハ181系気動車,JRW DC kiha181 Hamakaze-3.jpg,4,Wikidata Q10815122（2026-10-07取得）
Q1085422,新幹線E3系電車,新幹線,東日本旅客鉄道,東日本旅客鉄道,川崎重工業,1997-06-03,,,新幹線E3系電車,E3-Komachi-R20-131109.JPG,15,Wikidata Q1085422（2026-10-07取得）
Q10855641,JR九州303系電車,電車,九州旅客鉄道,九州旅客鉄道,近畿車輛,,,,JR九州303系電車,Series303-Chikuhi-Line.jpg,4,Wikidata Q10855641（2026-10-07取得）
Q10855950,長崎電気軌道3000形電車,路面電車,長崎電気軌道,長崎電気軌道,,,,,長崎電気軌道3000形電車,Nagasaki Electric Tramway 3001.png,3,Wikidata Q10855950（2026-10-07取得）
Q1087880,新幹線400系電車,新幹線,東日本旅客鉄道,東日本旅客鉄道,川崎重工業,1992-07-01,,,新幹線400系電車,400 L3 Tsubasa Yamagata 20020824.jpg,15,Wikidata Q1087880（2026-10-07取得）
Q1088148,新幹線N700系電車,新幹線,東海旅客鉄道,東海旅客鉄道,日立製作所,,,,新幹線N700系電車,Shinkansen N700 z15.jpg,16,Wikidata Q1088148（2026-10-07取得）
Q1088154,新幹線300系電車,新幹線,東海旅客鉄道,東海旅客鉄道,日立製作所,1992-03-14,2012-03-16,270,新幹線300系電車,JR Central Shinkansen 300.jpg,15,Wikidata Q1088154（2026-10-07取得）
Q1088167,新幹線200系電車,新幹線,東日本旅客鉄道,日本国有鉄道|東日本旅客鉄道,日立製作所,1982-06-23,,,新幹線200系電車,Shinkansen200.jpg,15,Wikidata Q1088167（2026-10-07取得）
Q108906657,京都市交通局20系電車,地下鉄車両,京都市,京都市交通局,近畿車輛,2022-03-26,,,京都市交通局20系電車,京都市営地下鉄20系KS31編成 急行 国際会館行.jpg,3,Wikidata Q108906657（2026-10-07取得）
Q108906775,仙台市交通局3000系電車,地下鉄車両,仙台市,仙台市交通局,日立製作所,2024,,,仙台市交通局3000系電車,Transportation Bureau City of Sendai 3000 Series 3131F set.jpg,3,Wikidata Q108906775（2026-10-07取得）
Q10903966,北越急行HK100形電車,電車,北越急行,北越急行,新潟鐵工所,1997-03-22,,,北越急行HK100形電車,HK100-1 r 2015.JPG,3,Wikidata Q10903966（2026-10-07取得）
Q10917747,名古屋市交通局5050形電車,地下鉄車両,名古屋市,名古屋市交通局,日本車輌製造,,,,名古屋市交通局5050形電車,Nagoya-Municipal-Subway-5057-20100317.jpg,5,Wikidata Q10917747（2026-10-07取得）
Q109301950,JR西日本DEC741形気動車,気動車,西日本旅客鉄道,西日本旅客鉄道,近畿車輛,2021,,,JR西日本DEC741形気動車,JRW DEC741 2021-11-02.jpg,4,Wikidata Q109301950（2026-10-07取得）
Q10967856,仙台市交通局1000系電車,地下鉄車両,仙台市,仙台市交通局,川崎車両,1987-07-15,,,仙台市交通局1000系電車,Sendai subway 1014 20081021.jpg,4,Wikidata Q10967856（2026-10-07取得）
Q11064601,広島電鉄5000形電車,路面電車,広島電鉄,広島電鉄の路線網,シーメンス,1999-06-09,,,広島電鉄5000形電車,Hiroden5006.JPG,3,Wikidata Q11064601（2026-10-07取得）
Q11086317,国鉄151系・161系・181系電車,電車,,日本国有鉄道,汽車製造|川崎車両|近畿車輛,1958-11-01,,125,国鉄151系・161系・181系電車,151 Fuji Yokohama.jpg,5,Wikidata Q11086317（2026-10-07取得）
Q11086318,国鉄24系客車,客車,,日本国有鉄道,,,,,国鉄24系客車,Ginga train 20060326full.jpg,3,Wikidata Q11086318（2026-10-07取得）
Q110934166,JR西日本273系電車,電車,西日本旅客鉄道,西日本旅客鉄道,近畿車輛,2024,,,JR西日本273系電車,JRW Series273-Y1.jpg,5,Wikidata Q110934166（2026-10-07取得）
Q110960859,横浜市交通局4000形電車,地下鉄車両,横浜市,横浜市交通局,,2022-05-02,,,横浜市交通局4000形電車,Yokohama-Subway Series4000-4661.jpg,4,Wikidata Q110960859（2026-10-07取得）
Q11102976,東京都交通局12-600形電車,電車,東京都,東京都交通局,川崎車両|日本車輌製造,2012-02-23,,,東京都交通局12-600形電車,Toei-subway12-600.jpg,6,Wikidata Q11102976（2026-10-07取得）
Q111367617,アルピコ交通20100形電車,電車,アルピコ交通,アルピコ交通,,,,,アルピコ交通20100形電車,Alpico Kotsu 20100 series 20102 20220416.jpg,3,Wikidata Q111367617（2026-10-07取得）
Q111601979,北陸鉄道03系電車,電車,北陸鉄道,北陸鉄道,,,,,北陸鉄道03系電車,Hokutetsu Series03-829.jpg,3,Wikidata Q111601979（2026-10-07取得）
Q111975852,近鉄19200系電車,電車,近畿日本鉄道,近畿日本鉄道,,2022-04-29,,,近鉄19200系電車,19200系.jpg,3,Wikidata Q111975852（2026-10-07取得）
Q11226176,JR九州キハ200系気動車,気動車,九州旅客鉄道,九州旅客鉄道,新潟鐵工所,,,,JR九州キハ200系気動車,Kiha220-Omura-Line.jpg,3,Wikidata Q11226176（2026-10-07取得）
Q11226197,JR北海道キハ285系気動車,気動車,北海道旅客鉄道,北海道旅客鉄道,川崎重工業,,,,JR北海道キハ285系気動車,JRH-kiha285 During demolition 20170305 NaeboWorkshop.jpg,3,Wikidata Q11226197（2026-10-07取得）
Q11226198,JR北海道キハ130形気動車,気動車,北海道旅客鉄道,北海道旅客鉄道,新潟鐵工所,,,,JR北海道キハ130形気動車,Kiha130 at Tomakomai Sta.jpg,3,Wikidata Q11226198（2026-10-07取得）
Q11226200,JR北海道キハ141系気動車,気動車,北海道旅客鉄道,北海道旅客鉄道,,,,,JR北海道キハ141系気動車,JRN DC143-100 20061103 001.jpg,4,Wikidata Q11226200（2026-10-07取得）
Q11226201,JR北海道キハ160形気動車,気動車,北海道旅客鉄道,北海道旅客鉄道,新潟トランシス,,,,JR北海道キハ160形気動車,JR Hokkaido Kiha 160 series DMU 011.JPG,3,Wikidata Q11226201（2026-10-07取得）
Q11226210,JR四国1500形気動車,気動車,四国旅客鉄道,四国旅客鉄道,近畿車輛,,,,JR四国1500形気動車,JRS DC 1500-1513.jpg,4,Wikidata Q11226210（2026-10-07取得）
Q11226211,JR四国2000系気動車,気動車,四国旅客鉄道,四国旅客鉄道,SUBARU,,,,JR四国2000系気動車,JR四国2000系・宇和海号.jpg,5,Wikidata Q11226211（2026-10-07取得）
Q11226249,JR東日本E491系電車,電車,東日本旅客鉄道,東日本旅客鉄道,,,,,JR東日本E491系電車,Series-E491 East i-E.jpg,3,Wikidata Q11226249（2026-10-07取得）
Q11226262,JR東日本キハE120形気動車,気動車,東日本旅客鉄道,東日本旅客鉄道,新潟トランシス,,,,JR東日本キハE120形気動車,キハE120 1 東北地域本社色.jpg,5,Wikidata Q11226262（2026-10-07取得）
Q11226263,JR東日本キヤE193系気動車,気動車,東日本旅客鉄道,東日本旅客鉄道,,,,,JR東日本キヤE193系気動車,JRE-kiyaE193.jpg,3,Wikidata Q11226263（2026-10-07取得）
Q11226286,JR東海キハ85系気動車,気動車,東海旅客鉄道,東海旅客鉄道,日本車輌製造,,,,JR東海キハ85系気動車,DC85 class Gifu.jpg,4,Wikidata Q11226286（2026-10-07取得）
Q11226287,JR東海キヤ97系気動車,気動車,東海旅客鉄道,東海旅客鉄道,,,,,JR東海キヤ97系気動車,JRC-kiya-97-3-103.jpg,3,Wikidata Q11226287（2026-10-07取得）
Q11226306,JR西日本323系電車,電車,西日本旅客鉄道,西日本旅客鉄道,川崎車両|近畿車輛,2016-12-24,,,JR西日本323系電車,323系電車(大阪城公園駅).jpg,6,Wikidata Q11226306（2026-10-07取得）
Q11226308,JR西日本キハ187系気動車,気動車,西日本旅客鉄道,西日本旅客鉄道,新潟鐵工所,,,,JR西日本キハ187系気動車,JRW Kiha187-12 Super-Oki-3.jpg,6,Wikidata Q11226308（2026-10-07取得）
Q11235167,東急7000系電車,電車,,東急,東急車輛製造,,,,東急7000系電車 (初代),Tkk7000.JPG,3,Wikidata Q11235167（2026-10-07取得）
Q11235169,東急9000系電車,電車,東急電鉄,東急電鉄,東急車輛製造,,,,東急9000系電車,Tōkyū 9000 series Tōkyū Ōimachi Line 20180413.jpg,5,Wikidata Q11235169（2026-10-07取得）
Q11235174,東京都交通局6000形電車,路面電車,東京都,東京都交通局,日本車輌製造,,,,東京都交通局6000形電車 (軌道),Toden6000-ikkyusan-2003-02.jpg,3,Wikidata Q11235174（2026-10-07取得）
Q11251350,西武4000系電車,電車,西武鉄道,西武鉄道,東急車輛製造,1988,,,西武4000系電車,Seibu Series4000-4003.jpg,4,Wikidata Q11251350（2026-10-07取得）
Q11251352,西武5000系電車,電車,西武鉄道,西武鉄道,西武鉄道|日立製作所,,,,西武5000系電車,Seibu-5000-Misato-Train-93.jpg,3,Wikidata Q11251352（2026-10-07取得）
Q11261309,大阪市交通局80系電車,地下鉄車両,大阪市高速電気軌道,大阪市高速電気軌道|大阪市交通局,川崎車両|近畿車輛,,,,大阪市交通局80系電車,Osaka subway 80.jpg,4,Wikidata Q11261309（2026-10-07取得）
Q11281890,わたらせ渓谷鐵道WKT-550形気動車,気動車,わたらせ渓谷鐵道,わたらせ渓谷鐵道,新潟トランシス,,,,わたらせ渓谷鐵道WKT-550形気動車,Watarase-Keikoku-Railway-WKT551.jpg,3,Wikidata Q11281890（2026-10-07取得）
Q113288919,Osaka Metro400系電車,電車,大阪市高速電気軌道,大阪市高速電気軌道,日立製作所,,,,Osaka Metro400系電車,Osaka-Metro Series400-409-01.jpg,5,Wikidata Q113288919（2026-10-07取得）
Q11352961,一畑電気鉄道2100系電車,電車,一畑電車,一畑電車,,,,,一畑電気鉄道2100系電車,Ichibata 2112 2113.jpg,3,Wikidata Q11352961（2026-10-07取得）
Q11352964,一畑電気鉄道5000系電車,電車,一畑電車,一畑電車,,,,,一畑電気鉄道5000系電車,BATADEN 5010F Hirata.jpg,3,Wikidata Q11352964（2026-10-07取得）
Q11359934,上田電鉄1000系電車,電車,上田電鉄,上田交通,,,,,上田電鉄1000系電車,上田電鉄6000系・上田電鉄1000系.jpg,3,Wikidata Q11359934（2026-10-07取得）
Q11374287,京急500形電車,電車,京浜急行電鉄,京浜急行電鉄,,,,,京急500形電車,Keikyu501 Hakkei 1986.JPG,3,Wikidata Q11374287（2026-10-07取得）
Q11374290,京急700形電車,電車,京浜急行電鉄,京浜急行電鉄,総合車両製作所,,,,京急700形電車 (2代),Keikyu713shimbamba.JPG,4,Wikidata Q11374290（2026-10-07取得）
Q11374291,京急700形電車,電車,京浜急行電鉄,京浜急行電鉄,川崎重工業,,,,京急700形電車 (初代),Keikyu 616 kaitoku.jpg,4,Wikidata Q11374291（2026-10-07取得）
Q11374348,京成3300形電車,電車,京成電鉄,京成電鉄,東急車輛製造,,,,京成3300形電車,Keisei 3300 shibamata.jpg,3,Wikidata Q11374348（2026-10-07取得）
Q11374351,京成3400形電車,電車,京成電鉄,京成電鉄,大栄車輌,1993,,,京成3400形電車,Keisei-3418 Oshiage-Line.jpg,6,Wikidata Q11374351（2026-10-07取得）
Q11374352,京成3700形電車,電車,京成電鉄,京成電鉄,日本車輌製造,1991,,,京成3700形電車,Keisei-Series3700-3728.jpg,6,Wikidata Q11374352（2026-10-07取得）
Q11374353,京成3600形電車,電車,京成電鉄,京成電鉄,総合車両製作所,,,,京成3600形電車,Keisei 3600 series Keisei Main Line 20170921.jpg,6,Wikidata Q11374353（2026-10-07取得）
Q11374567,京王1000系電車,電車,京王電鉄,京王電鉄,,,,,京王1000系電車 (初代),Ktr1000.JPG,3,Wikidata Q11374567（2026-10-07取得）
Q11374575,京王6000系電車,電車,京王電鉄,京王電鉄,日本車輌製造,,,,京王6000系電車,Keio6416.jpg,5,Wikidata Q11374575（2026-10-07取得）
Q11374971,京都市交通局10系電車,地下鉄車両,京都市,京都市交通局,近畿車輛|日立製作所,1981-05-29,,,京都市交通局10系電車,Kyoto Subway series 10 batch 1 and 6.JPG,4,Wikidata Q11374971（2026-10-07取得）
Q11374974,京都市交通局50系電車,地下鉄車両,京都市,京都市交通局,近畿車輛,1997-10-12,,,京都市交通局50系電車,Kyoto Municipal Subway 50 Series 5614.jpg,4,Wikidata Q11374974（2026-10-07取得）
Q11375746,京阪10000系電車,電車,京阪電気鉄道,京阪電気鉄道,川崎重工業,,,,京阪10000系電車,Keihan 10000 series 10051 Katanoshi Station.jpg,4,Wikidata Q11375746（2026-10-07取得）
Q11375748,京阪1000系電車,電車,京阪電気鉄道,京阪電気鉄道,川崎車両,,,,京阪1000系電車 (3代),Keihan-Series1555.jpg,3,Wikidata Q11375748（2026-10-07取得）
Q11375763,京阪2200系電車,電車,京阪電気鉄道,京阪電気鉄道,川崎車両,,,,京阪2200系電車,Keihan Electric Railway - Series 2200 - 03.JPG,3,Wikidata Q11375763（2026-10-07取得）
Q11375764,京阪2400系電車,電車,京阪電気鉄道,京阪電気鉄道,川崎車両,,,,京阪2400系電車,Keihan 2400 series 2018-01-01 (28190101889).jpg,3,Wikidata Q11375764（2026-10-07取得）
Q11375766,京阪2600系電車,電車,京阪電気鉄道,京阪電気鉄道,川崎車両,,,,京阪2600系電車,Keihan Electric Railway - Series 2630 - 01.JPG,3,Wikidata Q11375766（2026-10-07取得）
Q11375769,京阪3000系電車,電車,京阪電気鉄道,京阪電気鉄道,川崎車両,2008-10,,,京阪3000系電車 (2代),Keihan-Series3000-3051.jpg,5,Wikidata Q11375769（2026-10-07取得）
Q11375770,京阪3000系電車,電車,京阪電気鉄道,京阪電気鉄道,川崎車両,,,,京阪3000系電車 (初代),Keihan 8030 3000 classictype.JPG,4,Wikidata Q11375770（2026-10-07取得）
Q11375774,京阪5000系電車,電車,京阪電気鉄道,京阪電気鉄道,川崎車両,1970,,,京阪5000系電車,Keihan-Series5000.jpg,3,Wikidata Q11375774（2026-10-07取得）
Q11375780,京阪6000系電車,電車,京阪電気鉄道,京阪電気鉄道,川崎車両,1983-03-17,,,京阪6000系電車,Keihan Electric Railway - Series 6000 - 01.JPG,4,Wikidata Q11375780（2026-10-07取得）
Q11375783,京阪600形電車,電車,京阪電気鉄道,京阪電気鉄道,京阪電気鉄道,1984,,,京阪600形電車 (3代),Keihan 600 series set 613 Ishiyamadera 20060315.JPG,4,Wikidata Q11375783（2026-10-07取得）
Q11375786,京阪7000系電車,電車,京阪電気鉄道,京阪電気鉄道,川崎車両,,,,京阪7000系電車,Keihan-Series7052.jpg,4,Wikidata Q11375786（2026-10-07取得）
Q11375788,京阪700形電車,電車,京阪電気鉄道,京阪電気鉄道,京阪電気鉄道,1992,,,京阪700形電車 (3代),Keihan 700 series set 701 Ishiyamadera 20060315.jpg,4,Wikidata Q11375788（2026-10-07取得）
Q11375791,京阪7200系電車,電車,京阪電気鉄道,京阪電気鉄道,川崎重工業,,,,京阪7200系電車,Keihan7200-newcolor.JPG,4,Wikidata Q11375791（2026-10-07取得）
Q11375792,京阪800系電車,電車,京阪電気鉄道,京阪電気鉄道,川崎重工業,1997,,,京阪800系電車 (2代),Keihan800-hot-ksm.jpg,5,Wikidata Q11375792（2026-10-07取得）
Q11375795,京阪9000系電車,電車,京阪電気鉄道,京阪電気鉄道,川崎車両,,,,京阪9000系電車,Keihan 9000 Series 20171028.jpg,4,Wikidata Q11375795（2026-10-07取得）
Q11378843,伊予鉄道3000系電車,電車,伊予鉄道,伊予鉄道,,,,,伊予鉄道3000系電車,Iyo railway type 3000 20090901.jpg,3,Wikidata Q11378843（2026-10-07取得）
Q11378846,伊予鉄道700系電車,電車,伊予鉄道,伊予鉄道,,,,,伊予鉄道700系電車,Iyotetsu782.JPG,3,Wikidata Q11378846（2026-10-07取得）
Q11378852,伊予鉄道モハ2100形電車,路面電車,伊予鉄道,伊予鉄道,アルナ工機|アルナ車両,2002-03-19,,,伊予鉄道モハ2100形電車,Iyo-tetsudo-2101.jpg,3,Wikidata Q11378852（2026-10-07取得）
Q11380573,伊豆急行8000系電車,電車,伊豆急行,伊豆急行,,,,,伊豆急行8000系電車,Izukyu-Series8000-8006F.jpg,3,Wikidata Q11380573（2026-10-07取得）
Q11381902,住宅・都市整備公団9100形電車,電車,北総鉄道,北総鉄道,日本車輌製造,,,,住宅・都市整備公団9100形電車,Hokuso-9118 Oshiage-Line.jpg,4,Wikidata Q11381902（2026-10-07取得）
Q11403888,北神急行電鉄7000系電車,電車,,北神急行電鉄,川崎車両,,,,北神急行電鉄7000系電車,Hokushin Kyuko Railway 7155F at Seishin-minami Station.JPG,3,Wikidata Q11403888（2026-10-07取得）
Q11403941,北総鉄道7500形電車,電車,北総鉄道,北総鉄道,日本車輌製造,2006-02-20,,,北総鉄道7500形電車,Hokuso-Series7503.jpg,5,Wikidata Q11403941（2026-10-07取得）
Q11404134,北近畿タンゴ鉄道KTR700形気動車,気動車,,北近畿タンゴ鉄道,SUBARU,,,,北近畿タンゴ鉄道KTR700形気動車,Kyoto Tango Railway 802 renewal 20150829.JPG,3,Wikidata Q11404134（2026-10-07取得）
Q11404136,北近畿タンゴ鉄道KTR8000形気動車,気動車,,北近畿タンゴ鉄道,SUBARU,,,,北近畿タンゴ鉄道KTR8000形気動車,KTR 8000 series 8016.jpg,3,Wikidata Q11404136（2026-10-07取得）
Q11406777,千葉都市モノレール1000形電車,モノレール,千葉都市モノレール,千葉都市モノレール,,,,,千葉都市モノレール1000形電車,Chiba Urban Monorail Series 1000.jpg,3,Wikidata Q11406777（2026-10-07取得）
Q11406778,千葉都市モノレール0形電車,モノレール,千葉都市モノレール,千葉都市モノレール,三菱重工業,,,,千葉都市モノレール0形電車,ChibaUrbanMonorail016-015.jpeg,3,Wikidata Q11406778（2026-10-07取得）
Q114069122,JR北海道737系電車,電車,北海道旅客鉄道,北海道旅客鉄道,日立レール・リミテッド,2023-05-20,,,JR北海道737系電車,JRH Series737-C2.jpg,4,Wikidata Q114069122（2026-10-07取得）
Q11408110,南海10000系電車,電車,南海電気鉄道,南海電気鉄道,東急車輛製造,,,,南海10000系電車,NANKAI SERIES10000.jpg,5,Wikidata Q11408110（2026-10-07取得）
Q11408111,南海1000系電車 (2代),電車,南海電気鉄道,南海電気鉄道,,,,,南海1000系電車 (2代),Nankai 1010F.jpg,4,Wikidata Q11408111（2026-10-07取得）
Q11408113,南海11000系電車,電車,南海電気鉄道,南海電気鉄道,東急車輛製造,,,,南海11000系電車,Nankai 11000 series Semboku-Liner ver.2.jpg,3,Wikidata Q11408113（2026-10-07取得）
Q11408121,南海2000系電車,電車,南海電気鉄道,南海電気鉄道,,,,,南海2000系電車,Nankai2000 2195F.jpg,3,Wikidata Q11408121（2026-10-07取得）
Q11408124,南海22000系電車,電車,南海電気鉄道,南海電気鉄道,,,,,南海22000系電車,22000系.jpg,3,Wikidata Q11408124（2026-10-07取得）
Q11408125,南海2300系電車,電車,南海電気鉄道,南海電気鉄道,東急車輛製造|総合車両製作所,,,,南海2300系電車,Nankai 2353F.jpg,4,Wikidata Q11408125（2026-10-07取得）
Q11408126,南海30000系電車,電車,南海電気鉄道,南海電気鉄道,東急車輛製造,,,,南海30000系電車,Nankai30000 LTD.Exp.Kōya.jpg,4,Wikidata Q11408126（2026-10-07取得）
Q11408127,南海31000系電車,電車,南海電気鉄道,南海電気鉄道,,,,,南海31000系電車,Nankai31000 RINKAN.jpg,3,Wikidata Q11408127（2026-10-07取得）
Q11408128,南海6000系電車,電車,南海電気鉄道,南海電気鉄道,,,,,南海6000系電車,Nankai6000 6017F.jpg,4,Wikidata Q11408128（2026-10-07取得）
Q11408132,南海9000系電車,電車,南海電気鉄道,南海電気鉄道,総合車両製作所,1985,,,南海9000系電車,Nankai 9508 at Shin-Imamiya Station.JPG,4,Wikidata Q11408132（2026-10-07取得）
Q11408133,南海8200系電車,電車,南海電気鉄道,南海電気鉄道,東急車輛製造,,,,南海8200系電車,NK6200 50.jpg,3,Wikidata Q11408133（2026-10-07取得）
Q11408203,南海8300系電車,電車,南海電気鉄道,南海電気鉄道,近畿車輛,2015-10-08,,,南海8300系電車,Nankai Series8300-8415.jpg,5,Wikidata Q11408203（2026-10-07取得）
Q11410726,叡山電鉄デオ700系電車,電車,叡山電鉄,叡山電鉄,武庫川車両工業,,,,叡山電鉄700系電車,Deo712-1987.JPG,3,Wikidata Q11410726（2026-10-07取得）
Q11410727,叡山電鉄デオ800系電車,電車,叡山電鉄,叡山電鉄,武庫川車両工業,,,,叡山電鉄800系電車,Eiden 813 Kibuneguchi 20140907.JPG,3,Wikidata Q11410727（2026-10-07取得）
Q11410728,叡山電鉄900系電車,電車,叡山電鉄,叡山電鉄,武庫川車両工業,1997-10-04,,,叡山電鉄900系電車,Eiden 900 Series 01.jpg,3,Wikidata Q11410728（2026-10-07取得）
Q11415246,名古屋臨海高速鉄道1000形電車,電車,名古屋臨海高速鉄道,名古屋臨海高速鉄道,日本車輌製造,,,,名古屋臨海高速鉄道1000形電車,Aonami-Line Type1000-1106.jpg,4,Wikidata Q11415246（2026-10-07取得）
Q11415666,名鉄3300系電車 (3代),電車,名古屋鉄道,名古屋鉄道,日本車輌製造,,,,名鉄3300系電車 (3代),Nagoya Railway 3300.jpg,3,Wikidata Q11415666（2026-10-07取得）
Q11415668,名鉄3400系電車,電車,名古屋鉄道,名古屋鉄道,日本車輌製造,,,,名鉄3400系電車,Meitetsu imomushi 3400.jpg,3,Wikidata Q11415668（2026-10-07取得）
Q11415677,名鉄5000系電車 (初代),電車,名古屋鉄道,名古屋鉄道,,,,,名鉄5000系電車 (初代),Ｍ5000豊橋高速-神宮前.jpg,4,Wikidata Q11415677（2026-10-07取得）
Q11415682,名鉄8800系電車,電車,名古屋鉄道,名古屋鉄道,日本車輌製造,,,,名鉄8800系電車,Meitetsu 8800 inuyamabashi.jpg,4,Wikidata Q11415682（2026-10-07取得）
Q11415693,名鉄キハ8000系気動車,気動車,名古屋鉄道,名古屋鉄道,日本車輌製造,,,,名鉄キハ8000系気動車,Meitetsu 8000 sakou.jpg,3,Wikidata Q11415693（2026-10-07取得）
Q11415695,名鉄キハ8500系気動車,気動車,名古屋鉄道|会津鉄道,名古屋鉄道|会津鉄道,日本車輌製造,,,,名鉄キハ8500系気動車,Meitetsu kiha8500 kitaalps takayama.jpg,3,Wikidata Q11415695（2026-10-07取得）
Q11415751,名鉄モ800形電車 (2代),電車,名古屋鉄道|豊橋鉄道|福井鉄道,名古屋鉄道|福井鉄道|豊橋鉄道,日本車輌製造,2000-07-19,,,名鉄モ800形電車 (2代),豊橋鉄道モ８００.JPG,3,Wikidata Q11415751（2026-10-07取得）
Q11419331,営団500形電車,地下鉄車両,,帝都高速度交通営団,,,,,営団500形電車,TRT-301-Tokyo-Metro-Museum.jpg,3,Wikidata Q11419331（2026-10-07取得）
Q11421541,国鉄153系電車,電車,,日本国有鉄道,日本車輌製造,,,,国鉄153系電車,153series01.jpg,3,Wikidata Q11421541（2026-10-07取得）
Q11421542,国鉄155系電車,電車,,日本国有鉄道,,,,,国鉄155系・159系電車,Kuha155.jpg,3,Wikidata Q11421542（2026-10-07取得）
Q11421565,国鉄213系電車,電車,東海旅客鉄道|西日本旅客鉄道,日本国有鉄道|東海旅客鉄道|西日本旅客鉄道,日立製作所,,,,国鉄213系電車,Kumoha 213 6.jpg,4,Wikidata Q11421565（2026-10-07取得）
Q11421587,国鉄30系電車,電車,,日本国有鉄道|鉄道省,,,,,国鉄30系電車,,3,Wikidata Q11421587（2026-10-07取得）
Q11421617,国鉄417系電車,電車,東日本旅客鉄道,日本国有鉄道|東日本旅客鉄道,日立製作所,,,,国鉄417系電車,JNR 417 sendai.jpg,3,Wikidata Q11421617（2026-10-07取得）
Q11421618,国鉄413系・717系電車,電車,西日本旅客鉄道|あいの風とやま鉄道,日本国有鉄道|あいの風とやま鉄道|西日本旅客鉄道,,1986-03,,,国鉄413系・717系電車,JRW EC 413 series B9.jpg,4,Wikidata Q11421618（2026-10-07取得）
Q11421623,国鉄457系電車,電車,東日本旅客鉄道|西日本旅客鉄道|九州旅客鉄道,日本国有鉄道|九州旅客鉄道|東日本旅客鉄道|西日本旅客鉄道,日本車輌製造,,,,国鉄457系電車,JNR 475 tateyama osaka.jpg,3,Wikidata Q11421623（2026-10-07取得）
Q11421672,国鉄72系電車,電車,,日本国有鉄道,,,,,国鉄72系電車,73 Nambu Line Musashi-Mizonokuchi 19750119.jpg,3,Wikidata Q11421672（2026-10-07取得）
Q11421692,国鉄80系電車,電車,,日本国有鉄道,,1950-03-01,,,国鉄80系電車,80series86063.JPG,4,Wikidata Q11421692（2026-10-07取得）
Q11421871,国鉄キハ01系気動車,気動車,,日本国有鉄道,,,,,国鉄キハ01系気動車,JNR Kiha03-1.JPG,5,Wikidata Q11421871（2026-10-07取得）
Q11421877,国鉄キハ183系気動車,気動車,北海道旅客鉄道|九州旅客鉄道,日本国有鉄道|九州旅客鉄道|北海道旅客鉄道|シエラレオネの鉄道|マタディ・キンシャサ鉄道|ミャンマー国鉄|タイ国有鉄道,,,,,国鉄キハ183系気動車,JNR-Kiha183 Okhotsk.jpg,6,Wikidata Q11421877（2026-10-07取得）
Q11421878,国鉄キハ185系気動車,気動車,九州旅客鉄道|四国旅客鉄道,日本国有鉄道|四国旅客鉄道|九州旅客鉄道,日本車輌製造,1986-11,,,国鉄キハ185系気動車,JR shikoku kiha185 blue ishizuchi 1989.jpg,4,Wikidata Q11421878（2026-10-07取得）
Q11421882,国鉄キハ35系気動車,気動車,,日本国有鉄道,SUBARU,,,,国鉄キハ35系気動車,Kiha35 199 takamatsu.jpg,3,Wikidata Q11421882（2026-10-07取得）
Q11421884,国鉄キハ38形気動車,気動車,東日本旅客鉄道,日本国有鉄道|東日本旅客鉄道,,,,,国鉄キハ38形気動車,JRE-Kiha38 2-KururiLine.jpg,3,Wikidata Q11421884（2026-10-07取得）
Q11421888,国鉄キハ43000形気動車,気動車,,日本国有鉄道|鉄道省|運輸省,川崎重工業,,,,国鉄キハ43000形気動車,JGR Kiha43000 Takatori-Hyogo.jpg,4,Wikidata Q11421888（2026-10-07取得）
Q11421893,国鉄キハ54形気動車,気動車,北海道旅客鉄道|四国旅客鉄道,日本国有鉄道|四国旅客鉄道|北海道旅客鉄道,新潟鐵工所,,,,国鉄キハ54形気動車,Kiha54 kokutetusyoku.jpg,3,Wikidata Q11421893（2026-10-07取得）
Q11421895,国鉄キハ55系気動車,気動車,,日本国有鉄道,新潟鐵工所,,,,国鉄キハ55系気動車,Kiha55 2.jpg,3,Wikidata Q11421895（2026-10-07取得）
Q11421896,国鉄キハ57系気動車,気動車,,日本国有鉄道,日本車輌製造,,,,国鉄キハ57系気動車,JNR kiha57 20 takamatsu.jpg,3,Wikidata Q11421896（2026-10-07取得）
Q11421898,国鉄キハ65形気動車,気動車,東海旅客鉄道|西日本旅客鉄道|九州旅客鉄道|四国旅客鉄道,日本国有鉄道|東海旅客鉄道|四国旅客鉄道|九州旅客鉄道|西日本旅客鉄道,新潟鐵工所,,,,国鉄キハ65形気動車,JNR kiha65 1.jpg,3,Wikidata Q11421898（2026-10-07取得）
Q11421900,国鉄キハ80系気動車,気動車,,日本国有鉄道,日本車輌製造,1960-12-10,2002-10-14,,国鉄キハ80系気動車,JNR kiha82 ohtori.jpg,4,Wikidata Q11421900（2026-10-07取得）
Q11421901,国鉄キハ90系気動車,気動車,,日本国有鉄道,,,,,国鉄キハ90系気動車,キハ91那加駅踏切にて.jpg,3,Wikidata Q11421901（2026-10-07取得）
Q11426523,埼玉新都市交通2000系電車,電車,埼玉新都市交通,埼玉新都市交通,川崎車両,,,,埼玉新都市交通2000系電車,Saitama New Urban Transit Type 2000 F2101.JPG,3,Wikidata Q11426523（2026-10-07取得）
Q11427165,埼玉高速鉄道2000系電車,電車,埼玉高速鉄道,埼玉高速鉄道,近畿車輛|川崎重工業,,,,埼玉高速鉄道2000系電車,Series-SR2000-2802.jpg,5,Wikidata Q11427165（2026-10-07取得）
Q11440224,大阪市交通局20系電車,電車,大阪市高速電気軌道,大阪市交通局|大阪市高速電気軌道,川崎車両|近畿車輛|日本車輌製造|日立製作所,,,,大阪市交通局20系電車,Osaka Subway Series New 20 JPN.jpg,6,Wikidata Q11440224（2026-10-07取得）
Q11440237,大阪市交通局66系電車,地下鉄車両,大阪市高速電気軌道,大阪市交通局|大阪市高速電気軌道,川崎車両|近畿車輛,,,,大阪市交通局66系電車,OsakaSubway66Series01.jpg,4,Wikidata Q11440237（2026-10-07取得）
Q11441415,大阪府都市開発5000系電車,電車,南海電気鉄道,南海電気鉄道,川崎車両,,,,大阪府都市開発5000系電車,Senboku-Series5000-5507F.jpg,3,Wikidata Q11441415（2026-10-07取得）
Q11441416,大阪府都市開発3000系電車,電車,南海電気鉄道,南海電気鉄道,東急車輛製造,,,,大阪府都市開発3000系電車,Semboku3000 3509F.jpg,3,Wikidata Q11441416（2026-10-07取得）
Q11441417,大阪府都市開発7000系電車,電車,南海電気鉄道,南海電気鉄道,川崎重工業,,,,大阪府都市開発7000系電車,Senboku-Series7506.jpg,4,Wikidata Q11441417（2026-10-07取得）
Q11455212,宮福鉄道MF100形気動車,気動車,,北近畿タンゴ鉄道|WILLER TRAINS,,,,,宮福鉄道MF100形気動車,Kitakinki Tango Railway MF102.jpg,3,Wikidata Q11455212（2026-10-07取得）
Q11456055,富士急行2000系電車,電車,,富士急行,,2001-12-31,2016-02-07,,富士急行2000系電車,Fujikyu 2000 Series Mt.Fuji color.jpg,3,Wikidata Q11456055（2026-10-07取得）
Q11456316,富山ライトレールTLR0600形電車,電車,,富山ライトレール,新潟トランシス,2006-04-29,,,富山ライトレールTLR0600形電車,Toyama Light Rail TLR0600.JPG,3,Wikidata Q11456316（2026-10-07取得）
Q11456347,富山地方鉄道14760形電車,電車,富山地方鉄道,富山地方鉄道,日本車輌製造,,,,富山地方鉄道14760形電車,Toyama-chitetsu Series-14760 14771F.jpg,3,Wikidata Q11456347（2026-10-07取得）
Q11456350,富山地方鉄道16010形電車,電車,富山地方鉄道,富山地方鉄道,,,,,富山地方鉄道16010形電車,Toyama-chihou-railway 16011 20140913.jpg,3,Wikidata Q11456350（2026-10-07取得）
Q11456353,富山地方鉄道8000形電車,路面電車,富山地方鉄道,富山地方鉄道,,,,,富山地方鉄道8000形電車,Toyama Chiho Railway 8002.jpg,3,Wikidata Q11456353（2026-10-07取得）
Q11462687,小湊鉄道キハ200形気動車,気動車,小湊鐵道,小湊鐵道,日本車輌製造,1962-01,,,小湊鉄道キハ200形気動車,Kominato-Kiha200-212.jpg,4,Wikidata Q11462687（2026-10-07取得）
Q11463066,小田急7000形電車,電車,小田急電鉄,小田急電鉄,川崎重工業|日本車輌製造,1980-12-27,,,小田急7000形電車,小田急7000形LSE車.jpg,5,Wikidata Q11463066（2026-10-07取得）
Q11463067,小田急9000形電車,電車,小田急電鉄,小田急電鉄,東急車輛製造,,,,小田急9000形電車,Odakyu9000-1.JPG,3,Wikidata Q11463067（2026-10-07取得）
Q11463068,小田急8000形電車,電車,小田急電鉄,小田急電鉄,東急車輛製造|川崎重工業|日本車輌製造,1983-03-22,,,小田急8000形電車,小田急電鉄8000形電車.jpg,5,Wikidata Q11463068（2026-10-07取得）
Q11471196,山陽電気鉄道3000系電車,電車,山陽電気鉄道,山陽電気鉄道,川崎車両,,,,山陽電気鉄道3000系電車,Sanyo-Series3000-3008.jpg,3,Wikidata Q11471196（2026-10-07取得）
Q11471197,山陽電気鉄道5000系電車,電車,山陽電気鉄道,山陽電気鉄道,川崎車両,,,,山陽電気鉄道5000系電車,Sanyo-Series5000-5016.jpg,3,Wikidata Q11471197（2026-10-07取得）
Q11475756,岳南鉄道7000形電車,電車,岳南電車,岳南電車|岳南鉄道,,1997-03-08,,,岳南鉄道7000形電車,Gakunan railway series 7000.jpg,3,Wikidata Q11475756（2026-10-07取得）
Q11485325,広島電鉄650形電車,路面電車,広島電鉄,広島電鉄の路線網,木南車輌製造,,,,広島電鉄650形電車,Hiroshima Electric Railway 650 series With A-Bomb Dome.jpg,3,Wikidata Q11485325（2026-10-07取得）
Q11485337,広島電鉄900形電車,路面電車,広島電鉄,広島電鉄の路線網,,,,,広島電鉄900形電車,Hiroden6632.jpg,3,Wikidata Q11485337（2026-10-07取得）
Q11494077,愛知環状鉄道2000系電車,電車,愛知環状鉄道,愛知環状鉄道,日本車輌製造,2003-03-14,,,愛知環状鉄道2000系電車,Aikan Series2000-G32.jpg,3,Wikidata Q11494077（2026-10-07取得）
Q11494862,愛知高速交通100形電車,電車,愛知高速交通,愛知高速交通,日本車輌製造,,,,愛知高速交通100形電車,"Linimo approaching Banpaku Kinen Koen, towards Fujigaoka Station.jpg",3,Wikidata Q11494862（2026-10-07取得）
Q11501295,新京成電鉄8000形電車,電車,,新京成電鉄,日本車輌製造,,,,新京成電鉄8000形電車,Shin-Keisei-8518.jpg,3,Wikidata Q11501295（2026-10-07取得）
Q11501296,新京成電鉄8800形電車,電車,京成電鉄,京成電鉄,日本車輌製造,,,,新京成電鉄8800形電車,Keisei Series8800-8807-1.jpg,5,Wikidata Q11501296（2026-10-07取得）
Q11501298,新京成電鉄8900形電車,電車,京成電鉄,京成電鉄,日本車輌製造,,,,新京成電鉄8900形電車,Keisei Series8900-8931.jpg,4,Wikidata Q11501298（2026-10-07取得）
Q11502142,新幹線E955形電車,新幹線,東日本旅客鉄道,東日本旅客鉄道,川崎重工業|日立製作所,,,405,新幹線E955形電車,E955 Sendai General Shinkansen Depot 20080726.jpg,5,Wikidata Q11502142（2026-10-07取得）
Q11514805,智頭急行HOT3500形気動車,気動車,智頭急行,智頭急行,SUBARU,,,,智頭急行HOT3500形気動車,Chizu Express Company HOT3500-3508 3509.jpg,3,Wikidata Q11514805（2026-10-07取得）
Q11514806,智頭急行HOT7000系気動車,気動車,智頭急行,智頭急行,SUBARU,,,,智頭急行HOT7000系気動車,HOT7000-7000.jpg,4,Wikidata Q11514806（2026-10-07取得）
Q11521224,札幌市交通局5000形電車,地下鉄車両,札幌市,札幌市交通局,川崎車両,,,,札幌市交通局5000形電車,Odori Station Sapporo01s3s3870.jpg,3,Wikidata Q11521224（2026-10-07取得）
Q11521229,札幌市交通局6000形電車,地下鉄車両,札幌市,札幌市交通局,川崎重工業,,,,札幌市交通局6000形電車,Sapporo subway 6916 20080714 3.jpg,3,Wikidata Q11521229（2026-10-07取得）
Q11524441,東京モノレール1000形電車,モノレール,東京モノレール,東京モノレール,,,,,東京モノレール1000形電車,Tokyo-Monorail-Type1000-1043F.jpg,5,Wikidata Q11524441（2026-10-07取得）
Q11524443,東京モノレール2000形電車,モノレール,東京モノレール,東京モノレール,,,,,東京モノレール2000形電車,Monorail2000n-wiki.jpg,5,Wikidata Q11524443（2026-10-07取得）
Q11524632,東京地下鉄道1000形電車,電車,東京地下鉄,帝都高速度交通営団|東京地下鉄道,,,,,東京地下鉄道1000形電車,Eidan type 1000 train.jpg,3,Wikidata Q11524632（2026-10-07取得）
Q11524634,東京地下鉄道1200形電車,電車,東京地下鉄,帝都高速度交通営団|東京地下鉄道,,,,,東京地下鉄道1200形電車,Ginza Line 1249 1951 Scan10021.JPG,3,Wikidata Q11524634（2026-10-07取得）
Q11525211,東京都交通局10-300形電車,地下鉄車両,東京都,東京都交通局,総合車両製作所,2005-05-21,,,東京都交通局10-300形電車,Toei Type10-300 10-460.jpg,6,Wikidata Q11525211（2026-10-07取得）
Q11525218,東京都交通局300形電車,電車,東京都,東京都交通局,新潟トランシス,,,,東京都交通局300形電車,Nippori-Toneri-Liner Type300-14.jpg,3,Wikidata Q11525218（2026-10-07取得）
Q11525220,東京都交通局40形電車,モノレール,東京都,東京都交通局,日本車輌製造,2001-05-31,,,東京都交通局40形電車,Ueno-zoo-monorail-40-20191106-155234.jpg,3,Wikidata Q11525220（2026-10-07取得）
Q11525234,東京都交通局M形電車,電車,東京都,東京都交通局,,,,,東京都交通局M形電車,UenoZooMonorail-M01.jpg,3,Wikidata Q11525234（2026-10-07取得）
Q11526935,東急1000系電車,電車,東急電鉄,東急電鉄,東急車輛製造,1988-12-26,,,東急1000系電車,Tokyu Electric Railway 1000-1316.jpg,3,Wikidata Q11526935（2026-10-07取得）
Q11526936,東急3000系電車,電車,東急電鉄,東急電鉄,総合車両製作所,1999,,,東急3000系電車 (2代),東急電鉄3000系.jpg,3,Wikidata Q11526936（2026-10-07取得）
Q11526942,東急5000系電車,電車,,東急,東急車輛製造,,,,東急5000系電車 (初代),Tkk5000.JPG,3,Wikidata Q11526942（2026-10-07取得）
Q11526944,東急5200系電車,電車,,東急,総合車両製作所,,,,東急5200系電車,Tokyu 5200 approaching Midorigaoka.jpg,3,Wikidata Q11526944（2026-10-07取得）
Q11526948,東急7700系電車,電車,,東急,総合車両製作所,1987,,,東急7700系電車,Tokyu-7910F.jpg,3,Wikidata Q11526948（2026-10-07取得）
Q11526949,東急8090系電車,電車,,東急,東急車輛製造,1980-12-27,,,東急8090系電車,Tokyu8090.jpg,3,Wikidata Q11526949（2026-10-07取得）
Q11527451,東武20000系電車,電車,東武鉄道,東武鉄道,アルナ車両|東急車輛製造,1988-03-25,,,東武20000系電車,Tobu-Series20000-21803.jpg,5,Wikidata Q11527451（2026-10-07取得）
Q11527452,東武2000系電車,電車,東武鉄道,東武鉄道,,1961,1993,,東武2000系電車,Tobu 2000 2409 nishiarai.jpg,3,Wikidata Q11527452（2026-10-07取得）
Q11527459,東武7300系電車,電車,東武鉄道,東武鉄道,,,,,東武7300系電車,Tobu 7300 Isesaki Line 1977 (cropped).jpg,3,Wikidata Q11527459（2026-10-07取得）
Q11527460,東武7800系電車,電車,東武鉄道,東武鉄道,,,,,東武7800系電車,Tobu 7800 Hikifune Station.jpg,3,Wikidata Q11527460（2026-10-07取得）
Q11537119,桃花台新交通100系電車,電車,,桃花台新交通,日本車輌製造,,,,桃花台新交通100系電車,Peachliner.jpg,3,Wikidata Q11537119（2026-10-07取得）
Q11542989,横浜市交通局3000形電車,地下鉄車両,横浜市,横浜市交通局,東急車輛製造|日本車輌製造,1992,,,横浜市交通局3000形電車,Yokohama-City-Subway Type3000A 3000R.jpg,5,Wikidata Q11542989（2026-10-07取得）
Q11543191,横浜新都市交通2000形電車,電車,横浜シーサイドライン,横浜シーサイドライン,,,,,横浜新都市交通2000形電車,シーサイドライン2000形.jpg,3,Wikidata Q11543191（2026-10-07取得）
Q11543290,横浜高速鉄道Y000系電車,電車,横浜高速鉄道,横浜高速鉄道,,,,,横浜高速鉄道Y000系電車,Yokohama-kousoku y000.jpg,3,Wikidata Q11543290（2026-10-07取得）
Q11543292,横浜高速鉄道Y500系電車,電車,横浜高速鉄道,横浜高速鉄道,,,,,横浜高速鉄道Y500系電車,Yokohama-Series-Y501.jpg,4,Wikidata Q11543292（2026-10-07取得）
Q11550581,江ノ島電鉄1000形電車,電車,江ノ島電鉄,江ノ島電鉄,,,,,江ノ島鎌倉観光1000形電車,Model 1000 of Enoshima Electric Railway.JPG,3,Wikidata Q11550581（2026-10-07取得）
Q11550583,江ノ島電鉄10形電車,電車,江ノ島電鉄,江ノ島電鉄,,,,,江ノ島電鉄10形電車,Model 10 of Enoshima Electric Railway.JPG,3,Wikidata Q11550583（2026-10-07取得）
Q11550584,江ノ島電鉄2000形電車,電車,江ノ島電鉄,江ノ島電鉄,東急車輛製造,,,,江ノ島電鉄2000形電車,Enoden EMU 2002 19920411.JPG,4,Wikidata Q11550584（2026-10-07取得）
Q11550585,江ノ島電鉄20形電車,電車,江ノ島電鉄,江ノ島電鉄,東急車輛製造,,,,江ノ島電鉄20形電車,Model 20 of Enoshima Electric Railway.JPG,3,Wikidata Q11550585（2026-10-07取得）
Q11550587,江ノ島電鉄300形電車,電車,江ノ島電鉄,江ノ島電鉄,,,,,江ノ島鎌倉観光300形電車,Model 300 of Enoshima Electric Railway.JPG,3,Wikidata Q11550587（2026-10-07取得）
Q11550589,江ノ島電鉄500形電車 (2代),電車,江ノ島電鉄,江ノ島電鉄,東急車輛製造,,,,江ノ島電鉄500形電車,Enoden500.jpg,4,Wikidata Q11550589（2026-10-07取得）
Q11563302,湘南モノレール5000系電車,モノレール,湘南モノレール,湘南モノレール,三菱重工業,,,,湘南モノレール5000系電車,Smr5601.jpg,3,Wikidata Q11563302（2026-10-07取得）
Q11568005,熊本市交通局9700形電車,路面電車,熊本市,熊本市交通局,新潟鐵工所|アドトランツ,1997-08-02,,,熊本市交通局9700形電車,Kumamoto City Tram 9702.jpg,3,Wikidata Q11568005（2026-10-07取得）
Q11577569,由利高原鉄道YR-3000形気動車,気動車,由利高原鉄道,由利高原鉄道,日本車輌製造,,,,由利高原鉄道YR-3000形気動車,Yuri Kogen Railway YR-3001 photographed in 19 Aug 2020.jpg,3,Wikidata Q11577569（2026-10-07取得）
Q11582438,相鉄6000系電車,電車,相模鉄道,相模鉄道,日立製作所,,,,相鉄6000系電車,Sotetsu-6502.jpg,3,Wikidata Q11582438（2026-10-07取得）
Q11582440,相鉄8000系電車,電車,相模鉄道,相模鉄道,日立製作所,,,,相鉄8000系電車,Sagami railway 8000.JPG,3,Wikidata Q11582440（2026-10-07取得）
Q11589898,神戸市交通局1000形電車 (鉄道),電車,神戸市,神戸市交通局,川崎車両,,,,神戸市交通局1000形電車 (鉄道),Kobe Subway 1611F at Gakuentoshi Station.JPG,3,Wikidata Q11589898（2026-10-07取得）
Q11589900,神戸市交通局2000形電車,電車,神戸市,神戸市交通局,川崎車両,,,,神戸市交通局2000形電車,Kobe Subway 2622F at Seishin-minami Station.JPG,3,Wikidata Q11589900（2026-10-07取得）
Q11589903,神戸市交通局3000形電車,電車,神戸市,神戸市交通局,川崎車両,,,,神戸市交通局3000形電車,Kobe City Subway-Type3000-3623.jpg,3,Wikidata Q11589903（2026-10-07取得）
Q11589904,神戸市交通局5000形電車,電車,神戸市,神戸市交通局,川崎車両,,,,神戸市交通局5000形電車,神戸市営地下鉄5006系.jpg,3,Wikidata Q11589904（2026-10-07取得）
Q11590253,神戸電鉄6000系電車,電車,神戸電鉄,神戸電鉄,川崎車両,2008-06-04,,,神戸電鉄6000系電車,Shintetsu6000series01.JPG,4,Wikidata Q11590253（2026-10-07取得）
Q11603387,箱根登山鉄道1000形電車,電車,小田急箱根,小田急箱根,川崎車両,,,,箱根登山鉄道1000形電車,Tozan Bernina 1002 1004.jpg,3,Wikidata Q11603387（2026-10-07取得）
Q11603389,箱根登山鉄道2000系電車,電車,小田急箱根,小田急箱根,川崎車両,,,,箱根登山鉄道2000形電車,Hakone tozan Railway EMU type 2000.JPG,3,Wikidata Q11603389（2026-10-07取得）
Q11628846,西武101系・301系電車,電車,西武鉄道,西武鉄道,東急車輛製造|西武鉄道,1969-03-05,,,西武101系電車,Seibu Series101-1245F.jpg,5,Wikidata Q11628846（2026-10-07取得）
Q11628847,西武20000系電車,電車,西武鉄道,西武鉄道,日立製作所,2000,,,西武20000系電車,Seibu-Series20000-20155F.jpg,5,Wikidata Q11628847（2026-10-07取得）
Q11628848,西武2000系電車,電車,西武鉄道,西武鉄道,東急車輛製造|西武鉄道,1977,,,西武2000系電車,Seibu-Series2000-2093F.jpg,4,Wikidata Q11628848（2026-10-07取得）
Q11628849,西武3000系電車,電車,西武鉄道,西武鉄道,東急車輛製造|西武鉄道,,,,西武3000系電車,Seibu 3000 3001 20120708.jpg,4,Wikidata Q11628849（2026-10-07取得）
Q11628852,西武351系電車,電車,西武鉄道|上毛電気鉄道|大井川鐵道,西武鉄道|大井川鐵道|上毛電気鉄道,,,,,西武351系電車,Seibu-Railway-Moha-505.jpg,3,Wikidata Q11628852（2026-10-07取得）
Q11628855,西武451系電車,電車,西武鉄道,西武鉄道,,,,,西武451系電車,Joshin100 20120930.jpg,3,Wikidata Q11628855（2026-10-07取得）
Q11628856,西武411系電車,電車,西武鉄道,西武鉄道,,,,,西武411系電車,Seibu401oumi.JPG,5,Wikidata Q11628856（2026-10-07取得）
Q11628857,西武501系電車,電車,西武鉄道,西武鉄道,,,,,西武501系電車,Izuhakone 1000 from Seibu.jpg,3,Wikidata Q11628857（2026-10-07取得）
Q11628859,西武551系電車,電車,西武鉄道,西武鉄道,,,,,西武551系電車,Itihata Electric Railway 61.JPG,3,Wikidata Q11628859（2026-10-07取得）
Q11628860,西武701系電車,電車,西武鉄道,西武鉄道,,,,,西武701系電車,Izuhakone-1100-20120602.jpg,3,Wikidata Q11628860（2026-10-07取得）
Q11628862,西武8500系電車,電車,西武鉄道,西武鉄道,新潟鐵工所,,,,西武8500系電車,Seibu-Series8500 8501.jpg,4,Wikidata Q11628862（2026-10-07取得）
Q11628864,西武9000系電車,電車,西武鉄道,西武鉄道,西武所沢車両工場,,,,西武9000系電車,Seibu Railway 9000 VVVF.jpg,4,Wikidata Q11628864（2026-10-07取得）
Q11629813,西鉄3000形電車,電車,西日本鉄道,西日本鉄道,川崎重工業,,,,西鉄3000形電車,Nishitetsu Series3000-3009.jpg,5,Wikidata Q11629813（2026-10-07取得）
Q11629820,西鉄5000形電車,電車,西日本鉄道,西日本鉄道,川崎車両,,,,西鉄5000形電車,Nishitetsu Series5000-5137.jpg,3,Wikidata Q11629820（2026-10-07取得）
Q11629828,西鉄6000形電車,電車,西日本鉄道,西日本鉄道,川崎重工業,1993-05-17,,110,西鉄6000形電車,Nishitetsu Series6000-6002.jpg,3,Wikidata Q11629828（2026-10-07取得）
Q11629833,西鉄7000形電車,電車,西日本鉄道,西日本鉄道,,,,,西鉄7000形電車,Nishinippon Railroad Series 7000 EMU.jpg,3,Wikidata Q11629833（2026-10-07取得）
Q11629835,西鉄8000形電車,電車,西日本鉄道,西日本鉄道,川崎重工業,,,,西鉄8000形電車,Nishi-Nippon Railroad - Series 8000 - 01.JPG,3,Wikidata Q11629835（2026-10-07取得）
Q11633873,豊橋鉄道モ3500形電車,路面電車,豊橋鉄道,豊橋鉄道,,,,,豊橋鉄道モ3500形電車,Toyohashi-Railway-3503.jpg,3,Wikidata Q11633873（2026-10-07取得）
Q11638523,近江鉄道800系電車,電車,近江鉄道,近江鉄道,西武所沢車両工場,,,,近江鉄道800系電車,Ohmi Railway Takamiya station 06.jpg,3,Wikidata Q11638523（2026-10-07取得）
Q11639012,近鉄1420系電車,電車,近畿日本鉄道,近畿日本鉄道,,,,,近鉄1420系電車,Kintetsu1421F01.jpg,3,Wikidata Q11639012（2026-10-07取得）
Q11639014,近鉄1400系電車,電車,近畿日本鉄道,近畿日本鉄道,,,,,近鉄1400系電車,Kintetsu1400Series02.jpg,4,Wikidata Q11639014（2026-10-07取得）
Q11639022,近鉄20000系電車,電車,近畿日本鉄道,近畿日本鉄道,近畿車輛,,,,近鉄20000系電車,KINTETSU20000 20131202A.jpg,5,Wikidata Q11639022（2026-10-07取得）
Q11639025,近鉄21000系電車,電車,近畿日本鉄道,近畿日本鉄道,近畿車輛,,,,近鉄21000系電車,KINTETSU21000 20131028A.jpg,6,Wikidata Q11639025（2026-10-07取得）
Q11639027,近鉄21020系電車,電車,近畿日本鉄道,近畿日本鉄道,近畿車輛,2002-12-23,,,近鉄21020系電車,KINTETSU21020 1.JPG,5,Wikidata Q11639027（2026-10-07取得）
Q11639029,近鉄23000系電車,電車,近畿日本鉄道,近畿日本鉄道,近畿車輛,1994-03,,,近鉄23000系電車,Kintetsu23000Series01.jpg,5,Wikidata Q11639029（2026-10-07取得）
Q11639030,近鉄26000系電車,電車,近畿日本鉄道,近畿日本鉄道,近畿車輛,,,,近鉄26000系電車,Kintetsu 26101 at Taimadera Station.JPG,4,Wikidata Q11639030（2026-10-07取得）
Q11639032,近鉄270系電車,電車,近畿日本鉄道,近畿日本鉄道,,,,,近鉄270系電車,1992-9-6-kintetsu275.JPG,3,Wikidata Q11639032（2026-10-07取得）
Q11639033,近鉄260系電車,電車,近畿日本鉄道,近畿日本鉄道,,,,,近鉄260系電車,Kintetsu-260Series-01.jpg,3,Wikidata Q11639033（2026-10-07取得）
Q11639034,近鉄30000系電車,電車,近畿日本鉄道,近畿日本鉄道,近畿車輛,,,,近鉄30000系電車,KINTETSU30000 20140204A.jpg,4,Wikidata Q11639034（2026-10-07取得）
Q11639035,近鉄3000系電車,電車,近畿日本鉄道,近畿日本鉄道,近畿車輛,,,,近鉄3000系電車,Kintetsu-3000 001 JPN.JPG,3,Wikidata Q11639035（2026-10-07取得）
Q11639036,近鉄3200系電車,電車,近畿日本鉄道,近畿日本鉄道,近畿車輛,,,,近鉄3200系電車,Kintetsu-3200 001 JPN.JPG,4,Wikidata Q11639036（2026-10-07取得）
Q11639037,近鉄3220系電車,電車,近畿日本鉄道,近畿日本鉄道,近畿車輛,,,,近鉄3220系電車,Kintetsu 3220 KL21 Express.jpg,4,Wikidata Q11639037（2026-10-07取得）
Q11639040,近鉄5200系電車,電車,近畿日本鉄道,近畿日本鉄道,,,,,近鉄5200系電車,KINTETSU5200 20131107B.jpg,4,Wikidata Q11639040（2026-10-07取得）
Q11639041,近鉄5800系電車,電車,近畿日本鉄道,近畿日本鉄道,近畿車輛,,,,近鉄5800系電車,Kintetsu5800Series04.JPG,5,Wikidata Q11639041（2026-10-07取得）
Q11639042,近鉄5820系電車,電車,近畿日本鉄道,近畿日本鉄道,近畿車輛,,,,近鉄5820系電車,Kintetsu 5820 DH51 Rapid Express.jpg,4,Wikidata Q11639042（2026-10-07取得）
Q11639044,近鉄6000系電車,電車,近畿日本鉄道,近畿日本鉄道,近畿車輛,,,,近鉄6000系電車,Kintetsu Series 6200 Minami-Osaka.jpg,4,Wikidata Q11639044（2026-10-07取得）
Q11639046,近鉄6400系電車,電車,近畿日本鉄道,近畿日本鉄道,近畿車輛,,,,近鉄6400系電車,Kintetsu Series6432.jpg,3,Wikidata Q11639046（2026-10-07取得）
Q11639054,近鉄7000系電車,電車,近畿日本鉄道,近畿日本鉄道,近畿車輛,,,,近鉄7000系電車,Kintetsu Series7000-7607.jpg,5,Wikidata Q11639054（2026-10-07取得）
Q11639055,近鉄8000系電車,電車,近畿日本鉄道,近畿日本鉄道,近畿車輛,,,,近鉄8000系電車,Kintetsu Series8000-8583.jpg,5,Wikidata Q11639055（2026-10-07取得）
Q11639059,近鉄8810系電車,電車,近畿日本鉄道,近畿日本鉄道,,,,,近鉄8810系電車,Kin8810osaka-line.jpg,3,Wikidata Q11639059（2026-10-07取得）
Q11639060,近鉄9020系電車,電車,近畿日本鉄道,近畿日本鉄道,近畿車輛,,,,近鉄9020系電車,Kintetsu-9020-hanshin-oishi.JPG,4,Wikidata Q11639060（2026-10-07取得）
Q11654858,長野電鉄1000系電車,電車,長野電鉄,長野電鉄,,,,,長野電鉄1000系電車,Nagano-Series1000-S1.jpg,3,Wikidata Q11654858（2026-10-07取得）
Q11656013,関東鉄道キハ2000形気動車,気動車,関東鉄道,関東鉄道,新潟鐵工所,1997,,95,関東鉄道キハ2000形気動車,Kantetsu 2002.JPG,3,Wikidata Q11656013（2026-10-07取得）
Q11656014,関東鉄道キハ2100形気動車,気動車,関東鉄道,関東鉄道,新潟鐵工所,1993,,,関東鉄道キハ2100形気動車,Kanto Railway Kiha2100 series.jpg,3,Wikidata Q11656014（2026-10-07取得）
Q11656021,関東鉄道キハ5000形気動車,気動車,関東鉄道,関東鉄道,,,,,関東鉄道キハ5000形気動車,Kanto-rail dc5001.jpg,3,Wikidata Q11656021（2026-10-07取得）
Q11656681,阪堺電気軌道601形電車,電車,阪堺電気軌道,阪堺電気軌道,,,,,阪堺電気軌道601形電車,Hankai 601 IMG 3285-2 20130518.JPG,3,Wikidata Q11656681（2026-10-07取得）
Q11656697,阪急2000系電車,電車,阪急電鉄,阪急電鉄,アルナ工機,,,,阪急2000系電車 (初代),Hankyu2000Series2.jpg,3,Wikidata Q11656697（2026-10-07取得）
Q11656702,阪急2300系電車,電車,阪急電鉄,阪急電鉄,アルナ工機,,,,阪急2300系電車 (初代),Hankyu 2315F.jpg,3,Wikidata Q11656702（2026-10-07取得）
Q11656708,阪急3300系電車,電車,阪急電鉄,阪急電鉄,アルナ工機,,,,阪急3300系電車,Hankyu 3300 Series 3330F.jpg,3,Wikidata Q11656708（2026-10-07取得）
Q11656713,阪急5000系電車,電車,阪急電鉄,阪急電鉄,アルナ工機,,,,阪急5000系電車,Hankyu5000Series2.jpg,5,Wikidata Q11656713（2026-10-07取得）
Q11656715,阪急5100系電車,電車,阪急電鉄,阪急電鉄,アルナ工機,1971,,,阪急5100系電車,Hankyu5100Series3.jpg,4,Wikidata Q11656715（2026-10-07取得）
Q11656719,阪急5300系電車,電車,阪急電鉄,阪急電鉄,アルナ工機,,,,阪急5300系電車,Hankyu 5300 Series 5306F.jpg,4,Wikidata Q11656719（2026-10-07取得）
Q11656720,阪急6000系電車,電車,阪急電鉄,阪急電鉄,アルナ工機,1976,,,阪急6000系電車,阪急電鉄6000系6005Ｆ 急行 大阪梅田行.jpg,5,Wikidata Q11656720（2026-10-07取得）
Q11656723,阪急7000系電車,電車,阪急電鉄,阪急電鉄,アルナ工機,,,,阪急7000系電車,Hankyu-Series7000-7117.jpg,5,Wikidata Q11656723（2026-10-07取得）
Q11656726,阪急8000系電車,電車,阪急電鉄,阪急電鉄,アルナ工機,1988,,,阪急8000系電車,Hankyu-Series8000-8100.jpg,4,Wikidata Q11656726（2026-10-07取得）
Q11656727,阪急7300系電車,電車,阪急電鉄,阪急電鉄,アルナ工機,,,,阪急7300系電車,阪急電鉄7300系.jpg,4,Wikidata Q11656727（2026-10-07取得）
Q11656730,阪急8200系電車,電車,阪急電鉄,阪急電鉄,アルナ工機,1995-06-12,,,阪急8200系電車,HK 8200 series 8201F Limit Express.JPG,4,Wikidata Q11656730（2026-10-07取得）
Q11656864,阪神1000系電車,電車,阪神電気鉄道,阪神電気鉄道,近畿車輛,2007-10-05,,,阪神1000系電車,Hanshin-Series1000-1606.jpg,7,Wikidata Q11656864（2026-10-07取得）
Q11656882,阪神5001形電車 (2代),電車,阪神電気鉄道,阪神電気鉄道,武庫川車両工業,,,,阪神5001形電車 (2代),Hanshin-Type5001-5001F.jpg,3,Wikidata Q11656882（2026-10-07取得）
Q11656898,阪神8000系電車,電車,阪神電気鉄道,阪神電気鉄道,武庫川車両工業,,,,阪神8000系電車,Hanshin-Series8000-8211F.jpg,4,Wikidata Q11656898（2026-10-07取得）
Q11656901,阪神9000系電車,電車,阪神電気鉄道,阪神電気鉄道,川崎車両,1996,,,阪神9000系電車,Hanshin-Series9000-9201.jpg,4,Wikidata Q11656901（2026-10-07取得）
Q11656902,阪神9300系電車,電車,阪神電気鉄道,阪神電気鉄道,武庫川車両工業,2001-03-10,,,阪神9300系電車,Hanshin-Series9300-9501.jpg,5,Wikidata Q11656902（2026-10-07取得）
Q11670454,高松琴平電気鉄道1070形電車,電車,高松琴平電気鉄道,高松琴平電気鉄道,,,,,高松琴平電気鉄道1070形電車,Kotoden1071-1.jpg,3,Wikidata Q11670454（2026-10-07取得）
Q117861075,東武N100系電車,電車,東武鉄道,東武鉄道,日立製作所,,,,東武N100系電車,Tobu Series-N100-N101.jpg,6,Wikidata Q117861075（2026-10-07取得）
Q12052603,JR東日本719系電車,電車,東日本旅客鉄道,東日本旅客鉄道,日本車輌製造|東急車輛製造,1989,,,JR東日本719系電車,JRE EC719 nagamachi sta 20081018.jpg,5,Wikidata Q12052603（2026-10-07取得）
Q12054766,千葉ニュータウン鉄道9200形電車,電車,北総鉄道,北総鉄道,日本車輌製造,,,,千葉ニュータウン鉄道9200形電車,Chiba-New-Town-Railway Series9200-9201.jpg,4,Wikidata Q12054766（2026-10-07取得）
Q12061015,近鉄15400系電車,電車,近畿日本鉄道,近畿日本鉄道,,,,,近鉄15400系電車,"KINTETSU15400 ""KAGIROHI"".JPG",3,Wikidata Q12061015（2026-10-07取得）
Q12061016,近鉄16600系,電車,近畿日本鉄道,近畿日本鉄道,近畿車輛,2010-06-19,,,近鉄16600系電車,Kintetsu 16600 series at Domyoji 2017-09-20 (28095268319).jpg,3,Wikidata Q12061016（2026-10-07取得）
Q120771751,JR東海385系電車,電車,東海旅客鉄道,東海旅客鉄道,川崎車両|日本車輌製造,2029,,,JR東海385系電車,,4,Wikidata Q120771751（2026-10-07取得）
Q123348436,東京臨海高速鉄道71-000形電車,電車,東京臨海高速鉄道,東京臨海高速鉄道,総合車両製作所,2025-10-01,,,東京臨海高速鉄道71-000形電車,東京臨海高速鉄道 TWR 71-000 十条駅 (20251229) - cropped.jpg,5,Wikidata Q123348436（2026-10-07取得）
Q125243513,上毛電気鉄道800形電車,電車,上毛電気鉄道,上毛電気鉄道,,,,,上毛電気鉄道800形電車,,3,Wikidata Q125243513（2026-10-07取得）
Q125521581,東武80000系電車,電車,東武鉄道,東武鉄道,近畿車輛,2025-03-08,,,東武80000系電車,Tobu Series80000-85503.jpg,5,Wikidata Q125521581（2026-10-07取得）
Q125919169,京王2000系電車 (2代),電車,京王電鉄,京王電鉄,総合車両製作所,2026-01-31,,,京王2000系電車 (2代),京王電鉄2000系(2代)電車.jpg,6,Wikidata Q125919169（2026-10-07取得）
Q126513027,阪急2300系電車,電車,阪急電鉄,阪急電鉄,日立製作所,2024-07-21,,,阪急2300系電車 (2代),HK2300-2300F.jpg,6,Wikidata Q126513027（2026-10-07取得）
Q126634435,近鉄8A系電車,電車,近畿日本鉄道,近畿日本鉄道,近畿車輛,2024-10-07,,,近鉄8A系電車,Kintetsu 8A series and 1233 series at Tsuruhashi sta 2.jpg,5,Wikidata Q126634435（2026-10-07取得）
Q127159223,福岡市交通局4000系電車,電車,福岡市,福岡市交通局,川崎車両,2024-11-16,,,福岡市交通局4000系電車,Fukuchika4000-26.jpg,3,Wikidata Q127159223（2026-10-07取得）
Q127687888,阪急2000系電車,電車,阪急電鉄,阪急電鉄,日立製作所,,,,阪急2000系電車 (2代),DSC0203 edited.jpg,5,Wikidata Q127687888（2026-10-07取得）
Q130374338,遠州鉄道1000形電車,電車,遠州鉄道,遠州鉄道,,1983,,,遠州鉄道1000形電車,Enshu Railway Line 1501.JPG,3,Wikidata Q130374338（2026-10-07取得）
Q130480158,京成3200形電車,電車,京成電鉄,京成電鉄,総合車両製作所|日本車輌製造,2025,,,京成3200形電車 (2代),京成電鉄3200形電車.jpg,5,Wikidata Q130480158（2026-10-07取得）
Q130491718,伊予鉄道7000系電車,電車,伊予鉄道,伊予鉄道,近畿車輛,2025-02-21,,,伊予鉄道7000系電車,伊予鉄道7000系.jpg,5,Wikidata Q130491718（2026-10-07取得）
Q131929394,西武8000系電車,電車,西武鉄道,西武鉄道,東急車輛製造,,,,西武8000系電車,Seibu 8000 series 8103F test run(trial run) 20250114- MG 0963.jpg,5,Wikidata Q131929394（2026-10-07取得）
Q132983505,新幹線E10系電車,新幹線,東日本旅客鉄道,東日本旅客鉄道,,2030,,320,新幹線E10系電車,,7,Wikidata Q132983505（2026-10-07取得）
Q133541675,東武90000系電車,電車,東武鉄道,東武鉄道,日立製作所笠戸事業所,2026,,,東武90000系電車,,4,Wikidata Q133541675（2026-10-07取得）
Q13360053,JR東日本EV-E301系電車,電車,東日本旅客鉄道,東日本旅客鉄道,総合車両製作所,2014-03-15,,,JR東日本EV-E301系電車,JR East EV-E300-1 V1 ACCUM Demonstration.jpg,5,Wikidata Q13360053（2026-10-07取得）
Q134549695,JR東日本HB-E220系気動車,気動車,東日本旅客鉄道,東日本旅客鉄道,川崎車両,,,,JR東日本HB-E220系気動車,JRE HB-E220 HB-E222-8.jpg,4,Wikidata Q134549695（2026-10-07取得）
Q135179782,相鉄13000系電車,電車,相模鉄道,相模鉄道,総合車両製作所,,,,相鉄13000系電車,相鉄13000系13101F.jpg,5,Wikidata Q135179782（2026-10-07取得）
Q13582664,JR東日本E129系電車,電車,東日本旅客鉄道,東日本旅客鉄道,総合車両製作所,2014,,,JR東日本E129系電車,Series-E129-JReast.jpg,5,Wikidata Q13582664（2026-10-07取得）
Q136271513,JR東海HC35系気動車,気動車,東海旅客鉄道,東海旅客鉄道,日本車輌製造,2028,,,JR東海HC35系気動車,,3,Wikidata Q136271513（2026-10-07取得）
Q136294337,一畑電車8000系電車,電車,一畑電車,一畑電車,近畿車輛,2025-03-11,,,一畑電車8000系電車,,3,Wikidata Q136294337（2026-10-07取得）
Q136705382,西武7000系電車,電車,西武鉄道,西武鉄道,,,,,西武7000系電車,Seibu Series7000-7104.jpg,4,Wikidata Q136705382（2026-10-07取得）
Q136832030,西武L00系電車,電車,西武鉄道,西武鉄道,三菱重工業,2026-03-27,,,西武L00系電車,Seibu SeriesL00 L41.jpg,5,Wikidata Q136832030（2026-10-07取得）
Q137188233,新幹線E927形電車,新幹線,東日本旅客鉄道,東日本旅客鉄道,,2029,,,新幹線E927形電車,,1,Wikidata Q137188233（2026-10-07取得）
Q137188282,新幹線E11系電車,新幹線,東日本旅客鉄道,東日本旅客鉄道,,,,,新幹線E11系電車,,1,Wikidata Q137188282（2026-10-07取得）
Q138411938,近鉄6A系電車,電車,近畿日本鉄道,近畿日本鉄道,,2026-05-19,,,近鉄6A系電車,南大阪線6A系。.jpg,3,Wikidata Q138411938（2026-10-07取得）
Q15235033,JR四国8600系電車,電車,四国旅客鉄道,四国旅客鉄道,川崎重工業,2014-06-23,,,JR四国8600系電車,JR shikoku 8600 series EMU ishizuchi shiokaze.jpg,5,Wikidata Q15235033（2026-10-07取得）
Q15243779,阪急1000系電車,電車,阪急電鉄,阪急電鉄,日立製作所,,,,阪急1000系電車 (2代),Hankyu 1000F at Juso.jpg,4,Wikidata Q15243779（2026-10-07取得）
Q15427370,阪神5550系電車,電車,阪神電気鉄道,阪神電気鉄道,,2010-12-29,,,阪神5550系電車,Hanshin-Series5550-5551.jpg,5,Wikidata Q15427370（2026-10-07取得）
Q1574848,E7系・W7系新幹線電車,新幹線,東日本旅客鉄道|西日本旅客鉄道,西日本旅客鉄道|東日本旅客鉄道,日立製作所笠戸事業所|川崎車両|近畿車輛|総合車両製作所,2014-03-15,,275,新幹線E7系・W7系電車,Series-E7-F19.jpg,13,Wikidata Q1574848（2026-10-07取得）
Q1576868,小田急3000形電車,電車,小田急電鉄|大井川鐵道,小田急電鉄|大井川鐵道,日本車輌製造|川崎重工業,1957-07-06,1991,,小田急3000形電車 (初代),Model 3000 SE of Odakyu Electric Railway.JPG,7,Wikidata Q1576868（2026-10-07取得）
Q15962087,東京モノレール10000形電車,電車,東京モノレール,東京モノレール,日立製作所,,,,東京モノレール10000形電車,Tokyo-Monorail-Type10000-10081F.jpg,5,Wikidata Q15962087（2026-10-07取得）
Q16145412,遠州鉄道2000形電車,電車,遠州鉄道,遠州鉄道,,,,,遠州鉄道2000形電車,Enshu Railway Line 2003.JPG,3,Wikidata Q16145412（2026-10-07取得）
Q16149848,阪急1300系電車,電車,阪急電鉄,阪急電鉄,日立製作所,,,,阪急1300系電車 (2代),Hankyu Series1300-1312.jpg,4,Wikidata Q16149848（2026-10-07取得）
Q16149859,阪急1300系電車 (初代),電車,阪急電鉄,阪急電鉄,アルナ工機,,,,阪急1300系電車 (初代),Hankyu 1300.jpg,3,Wikidata Q16149859（2026-10-07取得）
Q16181851,大阪市交通局10系電車,地下鉄車両,大阪市高速電気軌道,大阪市交通局|大阪市高速電気軌道,川崎車両|日本車輌製造|近畿車輛|日立製作所,,,,大阪市交通局10系電車,Midousujisen 10kei 1.jpg,4,Wikidata Q16181851（2026-10-07取得）
Q16482851,近江鉄道100形電車,電車,近江鉄道,近江鉄道,,,,,近江鉄道100形電車 (2代),Ohmi-102.JPG,3,Wikidata Q16482851（2026-10-07取得）
Q16484558,近江鉄道900形電車,電車,近江鉄道,近江鉄道,西武所沢車両工場,,,,近江鉄道900形電車,OHMI900.JPG,3,Wikidata Q16484558（2026-10-07取得）
Q16611564,上信電鉄7000形,電車,上信電鉄,上信電鉄,新潟トランシス,,,,上信電鉄7000形電車,Joshin7000.JPG,3,Wikidata Q16611564（2026-10-07取得）
Q16927570,近鉄6820系電車,電車,近畿日本鉄道,近畿日本鉄道,近畿車輛,,,,近鉄6820系電車,Kintetsu6820AY21-AY22.jpg,3,Wikidata Q16927570（2026-10-07取得）
Q16931071,北大阪急行電鉄9000形電車,電車,北大阪急行電鉄,北大阪急行電鉄,近畿車輛,,,,北大阪急行電鉄9000形電車,Kitakyū 9000 momoyamadai.JPG,4,Wikidata Q16931071（2026-10-07取得）
Q16939053,JR東日本E353系電車,電車,東日本旅客鉄道,東日本旅客鉄道,総合車両製作所,2017-12-23,,,JR東日本E353系電車,Series-E353-S116.jpg,6,Wikidata Q16939053（2026-10-07取得）
Q16939055,箱根登山鉄道3000形電車,電車,小田急箱根,小田急箱根,川崎重工業,2014-11-01,,,箱根登山鉄道3000形電車,Tozan ALLEGRA Gora Sta 20141102.jpg,5,Wikidata Q16939055（2026-10-07取得）
Q16939056,JR東日本HB-E210系気動車,気動車,東日本旅客鉄道,東日本旅客鉄道,総合車両製作所,,,,JR東日本HB-E210系気動車,HB-E210-C1.jpg,5,Wikidata Q16939056（2026-10-07取得）
Q16939061,仙台市交通局2000系電車,地下鉄車両,仙台市,仙台市交通局,近畿車輛,2015-12-06,,,仙台市交通局2000系電車,Sendai-Tozai-Line Series2000-2513.jpg,5,Wikidata Q16939061（2026-10-07取得）
Q17177477,新幹線E926形電車,新幹線,東日本旅客鉄道,東日本旅客鉄道,東急車輛製造,,,,新幹線E926形電車,TypeE926.jpg,5,Wikidata Q17177477（2026-10-07取得）
Q17221118,ゆりかもめ7300系電車,電車,ゆりかもめ,ゆりかもめ,,,,,ゆりかもめ7300系電車,Yurikamome7300wiki.jpg,3,Wikidata Q17221118（2026-10-07取得）
Q17221125,住宅・都市整備公団2000形電車,電車,北総鉄道,北総鉄道,日本車輌製造,1984-03-19,,,住宅・都市整備公団2000形電車,Chiba New Town Railway 9000 series 20070812.jpg,4,Wikidata Q17221125（2026-10-07取得）
Q17221146,のと鉄道NT200形気動車,気動車,のと鉄道,のと鉄道,,,,,のと鉄道NT200形気動車,Noto Railway NT202.jpg,3,Wikidata Q17221146（2026-10-07取得）
Q17230971,三陸鉄道36-700形気動車,気動車,三陸鉄道,三陸鉄道,新潟トランシス,2013,,,三陸鉄道36-700形気動車,Santetsu 36-701 01.JPG,3,Wikidata Q17230971（2026-10-07取得）
Q17349068,富士急行8000系電車,電車,富士山麓電気鉄道,富士急行|富士山麓電気鉄道,,2014-07-12,,,富士急行8000系電車,Fujikyu 8000 series 20140712.jpg,3,Wikidata Q17349068（2026-10-07取得）
Q17419083,JR東日本E235系電車,電車,東日本旅客鉄道,東日本旅客鉄道,総合車両製作所,2015-11-30,,120,JR東日本E235系電車,Series-E235-0 9.jpg,12,Wikidata Q17419083（2026-10-07取得）
Q17988941,JR九州305系電車,電車,九州旅客鉄道,九州旅客鉄道,日立製作所,,,,JR九州305系電車,JR-Series305-W5.jpg,5,Wikidata Q17988941（2026-10-07取得）
Q17991159,国鉄キハ20系気動車,気動車,東日本旅客鉄道|西日本旅客鉄道|北海道旅客鉄道|九州旅客鉄道|四国旅客鉄道,日本国有鉄道|四国旅客鉄道|九州旅客鉄道|北海道旅客鉄道|東日本旅客鉄道|西日本旅客鉄道,東急車輛製造,,,,国鉄キハ20系気動車,JNR kiha20 32.jpg,3,Wikidata Q17991159（2026-10-07取得）
Q18161244,JR西日本227系電車,電車,西日本旅客鉄道,西日本旅客鉄道,川崎車両|近畿車輛,2015-03-14,,,JR西日本227系電車,227 series A03 20151121.jpg,6,Wikidata Q18161244（2026-10-07取得）
Q18702123,えちごトキめき鉄道ET122形気動車,気動車,えちごトキめき鉄道,えちごトキめき鉄道,新潟トランシス,2015-03-14,,,えちごトキめき鉄道ET122形気動車,Echigo tokimeki railway ET122kei.JPG,4,Wikidata Q18702123（2026-10-07取得）
Q19826397,東武500系電車,電車,東武鉄道,東武鉄道,川崎車両,2017-04-21,,,東武500系電車,Tobu-Series500 Revaty.jpg,6,Wikidata Q19826397（2026-10-07取得）
Q19838238,JR西日本289系電車,電車,西日本旅客鉄道,西日本旅客鉄道,,2015,,,JR西日本289系電車,JRW 289-2000.jpg,4,Wikidata Q19838238（2026-10-07取得）
Q19883120,札幌市交通局9000形電車,地下鉄車両,札幌市,札幌市交通局,川崎車両,2015-05-08,,,札幌市交通局9000形電車,Sapporo 9000 9001 Odori 20150521.jpg,3,Wikidata Q19883120（2026-10-07取得）
Q19921768,熊本電気鉄道01形,電車,熊本電気鉄道,熊本電気鉄道,,,,,熊本電気鉄道01形電車,熊本電気鉄道01系.JPG,3,Wikidata Q19921768（2026-10-07取得）
Q19947195,山陽電気鉄道6000系電車,電車,山陽電気鉄道,山陽電気鉄道,川崎車両,2016-04-27,,,山陽電気鉄道6000系電車,Sanyō-Series6000-6011 (2024-03-02).jpg,3,Wikidata Q19947195（2026-10-07取得）
Q20042731,一畑電車1000系電車,電車,一畑電車,一畑電車,,,,,一畑電車1000系電車,Ichibata Series1000-1101.jpg,3,Wikidata Q20042731（2026-10-07取得）
Q20065013,阪神5700系電車,電車,阪神電気鉄道,阪神電気鉄道,近畿車輛,2015-08-24,,,阪神5700系電車,Hanshin-Series5700-5717.jpg,5,Wikidata Q20065013（2026-10-07取得）
Q20131974,東武70000系電車,電車,東武鉄道,東武鉄道,近畿車輛,2017-07-07,,,東武70000系電車,Tobu-Series70000-77718.jpg,6,Wikidata Q20131974（2026-10-07取得）
Q20132061,東京メトロ13000系電車,地下鉄車両,東京地下鉄,東京地下鉄,近畿車輛,2017-03-25,,,東京メトロ13000系電車,Tokyo-Metro Series13000-13010.jpg,6,Wikidata Q20132061（2026-10-07取得）
Q2042811,国鉄157系電車,電車,,日本国有鉄道,汽車製造,,,,国鉄157系電車,157series01.JPG,3,Wikidata Q2042811（2026-10-07取得）
Q2042821,東急2000系電車,電車,東急電鉄,東急電鉄,総合車両製作所,1992-03-29,,,東急2000系電車,東急電鉄2000系電車.jpg,4,Wikidata Q2042821（2026-10-07取得）
Q2044590,近鉄22000系電車,電車,近畿日本鉄道,近畿日本鉄道,近畿車輛,,,,近鉄22000系電車,Kintetsu-22000 001 JPN.JPG,4,Wikidata Q2044590（2026-10-07取得）
Q20680046,名鉄6600系電車,電車,名古屋鉄道,名古屋鉄道,日本車輌製造,1978-03,,,名鉄6600系電車,Meitetsu 6600 series 013.JPG,4,Wikidata Q20680046（2026-10-07取得）
Q20870991,西武40000系電車,電車,西武鉄道,西武鉄道,川崎重工業,2017-03-25,,,西武40000系電車,Seibu-Series40000 40001.jpg,6,Wikidata Q20870991（2026-10-07取得）
Q20983124,神戸電鉄6500系電車,電車,神戸電鉄,神戸電鉄,川崎車両,2016-05-21,,,神戸電鉄6500系電車,神戸電鉄６５００系２.jpg,4,Wikidata Q20983124（2026-10-07取得）
Q21666096,東京都交通局330形電車,電車,東京都,東京都交通局,三菱重工業,,,,東京都交通局330形電車,Toei Nippori-Toneri Liner 330 series Nishi-Nippori station.JPG,3,Wikidata Q21666096（2026-10-07取得）
Q21666098,埼玉新都市交通2020系電車,電車,埼玉新都市交通,埼玉新都市交通,三菱重工業,,,,埼玉新都市交通2020系電車,NewShuttle2021F.JPG,3,Wikidata Q21666098（2026-10-07取得）
Q23069882,京王5000系電車,電車,京王電鉄,京王電鉄,総合車両製作所,2017-09-17,,,京王5000系電車 (2代),Keio 5734 Extra Semi Express 20190202.jpg,7,Wikidata Q23069882（2026-10-07取得）
Q23542872,静岡鉄道A3000形電車,電車,静岡鉄道,静岡鉄道,総合車両製作所,2016-03-24,,,静岡鉄道A3000形電車,Shizuoka Railway A3001 20160508.jpg,4,Wikidata Q23542872（2026-10-07取得）
Q2379852,山陽電気鉄道5030系電車,電車,山陽電気鉄道,山陽電気鉄道,川崎重工業,,,,山陽電気鉄道5030系電車,Sanyo 5030 20070701.JPG,3,Wikidata Q2379852（2026-10-07取得）
Q23899324,富士急行8500系電車,電車,富士山麓電気鉄道,富士急行|富士山麓電気鉄道,,2016-04-23,,,富士急行8500系電車,Fujikyu-Series8500.jpg,4,Wikidata Q23899324（2026-10-07取得）
Q24088481,JR東日本EV-E801系電車,電車,東日本旅客鉄道,東日本旅客鉄道,日立製作所,2017-03-04,,,JR東日本EV-E801系電車,EV-E801 G1 train set at Akita 20190803a.jpg,5,Wikidata Q24088481（2026-10-07取得）
Q24088503,西鉄9000形電車,電車,西日本鉄道,西日本鉄道,川崎車両,2017-03-20,,,西鉄9000形電車,Nishitetsu Series9000-9007.jpg,4,Wikidata Q24088503（2026-10-07取得）
Q24240874,大阪市交通局200系電車,電車,大阪市高速電気軌道,大阪市交通局|大阪市高速電気軌道,新潟トランシス,2016-06-29,,,大阪市交通局200系電車,Newtram200 2.jpg,3,Wikidata Q24240874（2026-10-07取得）
Q24899988,福井鉄道F1000形電車,電車,福井鉄道,福井鉄道,新潟トランシス,,,,福井鉄道F1000形電車,FUKURAM F1002 F1001 at Echizen-Takefu 20150218.jpg,3,Wikidata Q24899988（2026-10-07取得）
Q2512967,国鉄123系電車,電車,東海旅客鉄道|東日本旅客鉄道|西日本旅客鉄道,日本国有鉄道|西日本旅客鉄道|東海旅客鉄道|東日本旅客鉄道,日本国有鉄道,,,,国鉄123系電車,Kumoha 123-1.jpg,4,Wikidata Q2512967（2026-10-07取得）
Q255160,新幹線E4系電車,新幹線,東日本旅客鉄道,東日本旅客鉄道,日立製作所,1997-12-20,,240,新幹線E4系電車,Series-E4-P20.jpg,15,Wikidata Q255160（2026-10-07取得）
Q2657365,東武3000系電車,電車,東武鉄道,東武鉄道,,,,,東武3000系電車,Tobu 3070 3574 Nikko Line 19930504.jpg,3,Wikidata Q2657365（2026-10-07取得）
Q26883278,近鉄16200系電車,電車,近畿日本鉄道,近畿日本鉄道,,2016-09-10,,,近鉄16200系電車,Kintetsu16200 yoshinoguchi.jpg,3,Wikidata Q26883278（2026-10-07取得）
Q27477038,小田急70000形電車,電車,小田急電鉄,小田急電鉄,日本車輌製造,2018-03-17,,,小田急70000形電車,Odakyu-Series70000 GSE.jpg,5,Wikidata Q27477038（2026-10-07取得）
Q27972144,東京都交通局5500形電車,地下鉄車両,東京都,東京都交通局,総合車両製作所,2018,,,東京都交通局5500形電車 (鉄道),Toei-Type5522-1.jpg,6,Wikidata Q27972144（2026-10-07取得）
Q28126496,鹿島臨海鉄道6000形気動車,気動車,鹿島臨海鉄道,鹿島臨海鉄道,日本車輌製造,1985-03-14,,,鹿島臨海鉄道6000形気動車,Kashima rinkai Railway-kiha6000.JPG,4,Wikidata Q28126496（2026-10-07取得）
Q28126518,鹿島臨海鉄道8000形気動車,気動車,鹿島臨海鉄道,鹿島臨海鉄道,,,,,鹿島臨海鉄道8000形気動車,KRT8001 2017-01-01.jpg,3,Wikidata Q28126518（2026-10-07取得）
Q285159,新幹線E2系電車,新幹線,東日本旅客鉄道,東日本旅客鉄道,日立製作所,,,,新幹線E2系電車,Series-E2-1000-J70.jpg,15,Wikidata Q285159（2026-10-07取得）
Q28563450,JR四国2600系気動車,気動車,四国旅客鉄道,四国旅客鉄道,川崎重工業,2017-08-11,,,JR四国2600系気動車,JR shikoku 2600series DMU 2601 at yoshinari.jpg,5,Wikidata Q28563450（2026-10-07取得）
Q28691105,信楽高原鐵道SKR400形気動車,気動車,信楽高原鐵道,信楽高原鐵道,新潟トランシス,,,,信楽高原鐵道SKR400形気動車,Skr401.jpg,3,Wikidata Q28691105（2026-10-07取得）
Q28691668,のと鉄道NT300形気動車,気動車,のと鉄道,のと鉄道,,,,,のと鉄道NT300形気動車,Noto Railway NT300 20160529.jpg,3,Wikidata Q28691668（2026-10-07取得）
Q28692838,山形鉄道YR-880形気動車,気動車,山形鉄道,山形鉄道,新潟鐵工所,,,,山形鉄道YR-880形気動車,Flower line akayu station 2006-12-16.jpg,3,Wikidata Q28692838（2026-10-07取得）
Q28692840,津軽鉄道津軽21形気動車,気動車,津軽鉄道,津軽鉄道,新潟鐵工所,,,,津軽鉄道津軽21形気動車,Tsugaru21-102.jpg,3,Wikidata Q28692840（2026-10-07取得）
Q29000408,東急2020系電車,電車,東急電鉄,東急電鉄,総合車両製作所,2018-03-28,,,東急2020系電車,Tokyu-Series2020-2146.jpg,5,Wikidata Q29000408（2026-10-07取得）
Q29017394,千葉ニュータウン鉄道9800形電車,電車,北総鉄道,北総鉄道,,2017-03-21,,,千葉ニュータウン鉄道9800形電車,Chiba-New-Town Series9800.jpg,4,Wikidata Q29017394（2026-10-07取得）
Q29035849,信楽高原鐵道SKR500形気動車,気動車,信楽高原鐵道,信楽高原鐵道,新潟トランシス,2017-02-05,,,信楽高原鐵道SKR500形気動車,Shigaraki SKR 501 leaving Shigarakigushi station.jpg,3,Wikidata Q29035849（2026-10-07取得）
Q29583121,近鉄16400系電車,電車,近畿日本鉄道,近畿日本鉄道,近畿車輛,,,,近鉄16400系電車,Kintetsu Series16400.jpg,3,Wikidata Q29583121（2026-10-07取得）
Q29904045,一畑電車7000系電車,電車,一畑電車,一畑電車,近畿車輛,,,,一畑電車7000系電車,Ichibata 7000 series 2017-02-26 (cropped).jpg,3,Wikidata Q29904045（2026-10-07取得）
Q29942283,会津鉄道AT-700・750形気動車,気動車,会津鉄道,会津鉄道,新潟トランシス,,,,会津鉄道AT-700形気動車,Aizu Railway AT-700 series DMU 011.JPG,3,Wikidata Q29942283（2026-10-07取得）
Q30066294,関東鉄道キハ5010形気動車,気動車,関東鉄道,関東鉄道,,2017-02-25,,,関東鉄道キハ5010形気動車,Kantetsu5010wiki.jpg,3,Wikidata Q30066294（2026-10-07取得）
Q30132856,相鉄20000系電車,電車,相模鉄道,相模鉄道,日立製作所,2018-02-11,,,相鉄20000系電車,Sagami railway 20000 series.jpg,6,Wikidata Q30132856（2026-10-07取得）
Q30921660,会津鉄道AT-600形気動車,気動車,会津鉄道,会津鉄道,新潟トランシス,,,,会津鉄道AT-600形気動車,AT-601+651.jpg,3,Wikidata Q30921660（2026-10-07取得）
Q30921715,会津鉄道AT-400形気動車,気動車,会津鉄道,会津鉄道,新潟鐵工所,,,,会津鉄道AT-400形気動車,Aizu Railway Type AT-400 DMU 001.JPG,3,Wikidata Q30921715（2026-10-07取得）
Q30921718,由利高原鉄道YR-2000形気動車,気動車,由利高原鉄道,由利高原鉄道,新潟鐵工所,,,,由利高原鉄道YR-2000形気動車,YR-2001 180817.jpg,3,Wikidata Q30921718（2026-10-07取得）
Q30921974,会津鉄道AT-500形気動車,気動車,会津鉄道,会津鉄道,新潟トランシス,,,,会津鉄道AT-500形気動車,Aizu Railway AT-500 series DMU 011.JPG,3,Wikidata Q30921974（2026-10-07取得）
Q30921992,伊勢鉄道イセIII型気動車,気動車,伊勢鉄道,伊勢鉄道,SUBARU,,,,伊勢鉄道イセIII型気動車,Ise Railway-ISEiii.JPG,3,Wikidata Q30921992（2026-10-07取得）
Q30922098,会津鉄道AT-350形気動車,気動車,会津鉄道,会津鉄道,新潟トランシス,,,,会津鉄道AT-350形気動車,Aizu Railway Type AT-350 DMU 012.JPG,3,Wikidata Q30922098（2026-10-07取得）
Q30932402,わたらせ渓谷鐵道WKT-500形気動車,気動車,わたらせ渓谷鐵道,わたらせ渓谷鐵道,新潟トランシス,,,,わたらせ渓谷鐵道WKT-500形気動車,Watarase-Keikoku-Railway-WKT501.jpg,3,Wikidata Q30932402（2026-10-07取得）
Q30933169,わたらせ渓谷鐵道WKT-510形気動車,気動車,わたらせ渓谷鐵道,わたらせ渓谷鐵道,新潟トランシス,,,,わたらせ渓谷鐵道WKT-510形気動車,Watarase Keikoku Tetsudo WKT-type510 Diesel car.jpg,3,Wikidata Q30933169（2026-10-07取得）
Q3126813,阪急8300系電車,電車,阪急電鉄,阪急電鉄,アルナ工機,1989-05,,,阪急8300系電車,Hankyu 8300 Series 8315F.jpg,5,Wikidata Q3126813（2026-10-07取得）
Q3126819,阪急9300系電車,電車,阪急電鉄,阪急電鉄,アルナ車両|日立製作所,2003-10-14,,,阪急9300系電車,Hankyu9300Series.jpg,7,Wikidata Q3126819（2026-10-07取得）
Q3182938,国鉄713系電車,電車,九州旅客鉄道,日本国有鉄道|九州旅客鉄道,日立製作所,,,,国鉄713系電車,JR Kyushu 713 series set D901.jpg,4,Wikidata Q3182938（2026-10-07取得）
Q31833175,JR東日本GV-E400系気動車,気動車,東日本旅客鉄道,東日本旅客鉄道,川崎重工業,2019,,,JR東日本GV-E400系気動車,JR East GV-E400-1 20200404.jpg,5,Wikidata Q31833175（2026-10-07取得）
Q3276796,京急2000形電車,電車,京浜急行電鉄,京浜急行電鉄,総合車両製作所,1982-12-27,2018-03-28,,京急2000形電車,Keikyu2051-2058 2doors.jpg,4,Wikidata Q3276796（2026-10-07取得）
Q32947829,JR北海道H100形気動車,気動車,北海道旅客鉄道,北海道旅客鉄道,川崎重工業,,,,JR北海道H100形気動車,JRH H100-23.jpg,6,Wikidata Q32947829（2026-10-07取得）
Q33111832,新幹線E956形電車,新幹線,東日本旅客鉄道,東日本旅客鉄道,日立製作所|川崎車両,2019,,400,新幹線E956形電車,E956S13Sendai.jpg,11,Wikidata Q33111832（2026-10-07取得）
Q335795,東葉高速鉄道1000形電車,電車,東葉高速鉄道,東葉高速鉄道,,,,,東葉高速鉄道1000形電車,Tōyō Rapid 1008F.JPG,5,Wikidata Q335795（2026-10-07取得）
Q3391028,京急800形電車,電車,京浜急行電鉄,京浜急行電鉄,総合車両製作所,1978,,,京急800形電車 (2代),Keikyu-Type800-820F-Lot1981-1.jpg,4,Wikidata Q3391028（2026-10-07取得）
Q3391240,京急600形電車,電車,京浜急行電鉄,京浜急行電鉄,東急車輛製造|川崎重工業,,,,京急600形電車 (3代),Keikyu-Type600-608-8.jpg,7,Wikidata Q3391240（2026-10-07取得）
Q3462271,京急1500形電車,電車,京浜急行電鉄,京浜急行電鉄,総合車両製作所,,,,京急1500形電車,Keikyu-Type1500-1537.jpg,7,Wikidata Q3462271（2026-10-07取得）
Q3616377,JR東日本キハE200形気動車,気動車,東日本旅客鉄道,東日本旅客鉄道,東急車輛製造,,,,JR東日本キハE200形気動車,JRE-Kiha-E200-1-Yachiho-2.jpg,7,Wikidata Q3616377（2026-10-07取得）
Q3658611,JR東日本キヤE991形気動車,電車,東日本旅客鉄道,東日本旅客鉄道,総合車両製作所,,,,JR東日本キヤE991形気動車,JR East E995-1 omiya 20111015.jpg,4,Wikidata Q3658611（2026-10-07取得）
Q370661,東武6050系電車,電車,東武鉄道|野岩鉄道|会津鉄道,会津鉄道|東武鉄道|野岩鉄道,アルナ車両|東急車輛製造|SUBARU,,,,東武6050系電車,Tobu-Nikko-Line-Series6050-6172.jpg,6,Wikidata Q370661（2026-10-07取得）
Q3783068,阪急9000系電車,電車,阪急電鉄,阪急電鉄,日立製作所,2006-07-31,,,阪急9000系電車,Hankyu-Series9000-9100.jpg,5,Wikidata Q3783068（2026-10-07取得）
Q3785517,JR東日本HB-E300系気動車,気動車,東日本旅客鉄道,東日本旅客鉄道,東日本旅客鉄道,,,,JR東日本HB-E300系気動車,HB-E300kei-2.JPG,5,Wikidata Q3785517（2026-10-07取得）
Q38278169,明知鉄道アケチ10形気動車,気動車,明知鉄道,明知鉄道,SUBARU,,,,明知鉄道アケチ10形気動車,Akechi Railway Akechi 10.jpg,3,Wikidata Q38278169（2026-10-07取得）
Q38278214,樽見鉄道ハイモ295-610形気動車,気動車,樽見鉄道,樽見鉄道,SUBARU,,,,樽見鉄道ハイモ295-610形気動車,Tarumi-Himo295-617.jpg,3,Wikidata Q38278214（2026-10-07取得）
Q38278273,樽見鉄道ハイモ295-310形気動車,気動車,樽見鉄道,樽見鉄道,SUBARU,,,,樽見鉄道ハイモ295-310形気動車,Haimo295-315 20060414.jpg,3,Wikidata Q38278273（2026-10-07取得）
Q38278364,樽見鉄道ハイモ295-510形気動車,気動車,樽見鉄道,樽見鉄道,新潟トランシス,,,,樽見鉄道ハイモ295-510形気動車,Tarumi-Himo295-516.jpg,3,Wikidata Q38278364（2026-10-07取得）
Q38278416,樽見鉄道ハイモ330-700形気動車,気動車,樽見鉄道,樽見鉄道,新潟トランシス,,,,樽見鉄道ハイモ330-700形気動車,Tarumi-Himo330-701.jpg,3,Wikidata Q38278416（2026-10-07取得）
Q3916278,南海8000系電車,電車,南海電気鉄道,南海電気鉄道,総合車両製作所,,,,南海8000系電車 (2代),Nankai8000 Airport Express.jpg,4,Wikidata Q3916278（2026-10-07取得）
Q41805934,東急6020系,電車,,東急,総合車両製作所,2018,,,東急6020系電車,Tokyu 6020 series Ōimachi Line 20181228.jpg,3,Wikidata Q41805934（2026-10-07取得）
Q4209395,営団7000系電車,地下鉄車両,東京地下鉄,東京地下鉄|帝都高速度交通営団|KAIコミューター,川崎車両,,,,営団7000系電車,TokyoMetro Type 7134.JPG,7,Wikidata Q4209395（2026-10-07取得）
Q4222530,国鉄キハ58系気動車,気動車,,日本国有鉄道,新潟鐵工所,,,,国鉄キハ58系気動車,JNR Kiha58 ashizuri SUSAKI.jpg,4,Wikidata Q4222530（2026-10-07取得）
Q4260383,東京都交通局6000形電車,地下鉄車両,東京都,東京都交通局|KRLジャボタベック,川崎重工業,1968-12-27,,,東京都交通局6000形電車 (鉄道),Toei6121 2.jpg,5,Wikidata Q4260383（2026-10-07取得）
Q4260711,営団5000系電車,地下鉄車両,東京地下鉄,東京地下鉄|帝都高速度交通営団,汽車製造,,,,営団5000系電車,Model 5000-Chiyoda of Teito Rapid Transit Authority.JPG,5,Wikidata Q4260711（2026-10-07取得）
Q4346624,営団6000系電車,地下鉄車両,東京地下鉄,東京地下鉄|帝都高速度交通営団,川崎重工業,,,,営団6000系電車,Tokyo-Mokoto-Series6000-6130F.jpg,9,Wikidata Q4346624（2026-10-07取得）
Q4356306,阪急6300系電車,電車,阪急電鉄,阪急電鉄,アルナ工機,,,,阪急6300系電車,Hankyu 6300 blue-ribbon2.jpg,5,Wikidata Q4356306（2026-10-07取得）
Q4358472,京急1000形電車,電車,京浜急行電鉄,京浜急行電鉄,川崎重工業|東急車輛製造|川崎車両|総合車両製作所,2002-03,,,京急1000形電車 (2代),Keikyu-Type1000-501.jpg,7,Wikidata Q4358472（2026-10-07取得）
Q4358560,京急1000形電車,電車,京浜急行電鉄,京浜急行電鉄,川崎重工業,1960-01-13,,,京急1000形電車 (初代),Keikyu 1000 Series EMU 015.JPG,5,Wikidata Q4358560（2026-10-07取得）
Q4373465,JR九州883系電車,電車,九州旅客鉄道,九州旅客鉄道,日立製作所,1995-04-20,,,JR九州883系電車,Series883-AO18.jpg,6,Wikidata Q4373465（2026-10-07取得）
Q4384737,JR東日本E531系電車,電車,東日本旅客鉄道,東日本旅客鉄道,総合車両製作所,2005-07-09,,,JR東日本E531系電車,E531系0番台カツK425編成.jpg,6,Wikidata Q4384737（2026-10-07取得）
Q4546344,国鉄101系電車,電車,,日本国有鉄道,川崎車両,1957-12,,,国鉄101系電車,1987-8-kumoha101-205.JPG,5,Wikidata Q4546344（2026-10-07取得）
Q4546592,国鉄105系電車,電車,東日本旅客鉄道|西日本旅客鉄道,日本国有鉄道|西日本旅客鉄道|東日本旅客鉄道,,,,,国鉄105系電車,JRW-Series105 Wakayama.jpg,4,Wikidata Q4546592（2026-10-07取得）
Q4546728,JR東日本107系電車,電車,東日本旅客鉄道,東日本旅客鉄道,東日本旅客鉄道,,,,JR東日本107系電車,JRE107NikkoLineNewColor.jpg,5,Wikidata Q4546728（2026-10-07取得）
Q4547618,国鉄117系電車,電車,東海旅客鉄道|西日本旅客鉄道,日本国有鉄道|西日本旅客鉄道|東海旅客鉄道,川崎重工業,,,,国鉄117系電車,JNR 117 series EMU 533 W.JPG,5,Wikidata Q4547618（2026-10-07取得）
Q4547705,国鉄119系電車,電車,東海旅客鉄道,日本国有鉄道|東海旅客鉄道,日本車輌製造,,,,国鉄119系電車,JR-central-119-5300.JPG,3,Wikidata Q4547705（2026-10-07取得）
Q4548186,国鉄121系電車,電車,四国旅客鉄道,日本国有鉄道|四国旅客鉄道,日立製作所,1987-03-23,,,国鉄121系電車,JNR 121 series 04.jpg,4,Wikidata Q4548186（2026-10-07取得）
Q4548438,JR西日本125系電車,電車,西日本旅客鉄道,西日本旅客鉄道,川崎重工業,,,,JR西日本125系電車,JRW kumoha125-12.jpg,5,Wikidata Q4548438（2026-10-07取得）
Q4551617,国鉄165系電車,電車,東海旅客鉄道|東日本旅客鉄道|西日本旅客鉄道,日本国有鉄道|西日本旅客鉄道|東日本旅客鉄道|東海旅客鉄道,川崎車両,,,,国鉄165系電車,Jnr165 shonan-colour(revival)-last run.jpg,4,Wikidata Q4551617（2026-10-07取得）
Q4554533,国鉄183系電車,電車,東日本旅客鉄道|西日本旅客鉄道,日本国有鉄道|西日本旅客鉄道|東日本旅客鉄道,川崎重工業,,,,国鉄183系電車,JR East 183-1000 Minakami.jpg,4,Wikidata Q4554533（2026-10-07取得）
Q4555028,国鉄185系電車,電車,東日本旅客鉄道,日本国有鉄道|東日本旅客鉄道,日本車輌製造,,,,国鉄185系電車,Series185-OM08 Tokaido-Line.jpg,5,Wikidata Q4555028（2026-10-07取得）
Q4630935,JR東日本215系電車,電車,東日本旅客鉄道,東日本旅客鉄道,日立製作所,,,,JR東日本215系電車,Series215-NL1.jpg,4,Wikidata Q4630935（2026-10-07取得）
Q4631217,JR西日本221系電車,電車,西日本旅客鉄道,西日本旅客鉄道,近畿車輛|川崎車両|日立製作所,,,,JR西日本221系電車,JR-WEST 221 series at Minami-Suita.jpg,6,Wikidata Q4631217（2026-10-07取得）
Q4631265,JR西日本225系電車,電車,西日本旅客鉄道,西日本旅客鉄道,近畿車輛|川崎車両,2010-12,,,JR西日本225系電車,Series-225-U2 (2021-12-19).jpg,5,Wikidata Q4631265（2026-10-07取得）
Q4632073,JR東日本251系電車,電車,東日本旅客鉄道,東日本旅客鉄道,川崎車両,,,,JR東日本251系電車,JRE EC251.jpg,6,Wikidata Q4632073（2026-10-07取得）
Q4632109,JR東日本255系電車,電車,東日本旅客鉄道,東日本旅客鉄道,近畿車輛,1993-07-02,,,JR東日本255系電車,Series255 Shiosai-10.jpg,5,Wikidata Q4632109（2026-10-07取得）
Q4632682,JR西日本281系電車,気動車,西日本旅客鉄道,西日本旅客鉄道,近畿車輛|川崎重工業,1994-09-04,,,JR西日本281系電車,Series281 Hanwa Line.jpg,6,Wikidata Q4632682（2026-10-07取得）
Q4632690,JR西日本283系電車,電車,西日本旅客鉄道,西日本旅客鉄道,日立製作所,1996-07-31,,,JR西日本283系電車,283系オーシャンアロー.jpg,5,Wikidata Q4632690（2026-10-07取得）
Q4632695,JR西日本285系電車,電車,西日本旅客鉄道,西日本旅客鉄道,川崎重工業,1998-07-10,,,JR西日本285系電車,Series285-0 I2.jpg,7,Wikidata Q4632695（2026-10-07取得）
Q4632701,JR西日本287系電車,電車,西日本旅客鉄道,西日本旅客鉄道,川崎車両|近畿車輛,2011-03-12,,,JR西日本287系電車,JR West 287 FA06 20130105 01.jpg,4,Wikidata Q4632701（2026-10-07取得）
Q4634353,国鉄301系電車,電車,東日本旅客鉄道,日本国有鉄道|東日本旅客鉄道,川崎重工業,,,,国鉄301系電車,301 K5 Mitaka 20030222.JPG,5,Wikidata Q4634353（2026-10-07取得）
Q4634692,JR東海311系電車,電車,東海旅客鉄道,東海旅客鉄道,日立製作所,,,,JR東海311系電車,Series311-G5.jpg,4,Wikidata Q4634692（2026-10-07取得）
Q4634713,JR東海313系電車,電車,東海旅客鉄道,東海旅客鉄道,近畿車輛,,,,JR東海313系電車,Series313-Y14.jpg,5,Wikidata Q4634713（2026-10-07取得）
Q4635808,JR東海371系電車,電車,東海旅客鉄道,東海旅客鉄道,日立製作所,,,,JR東海371系電車,JRC EC371 Asagiri Matsuda.jpg,4,Wikidata Q4635808（2026-10-07取得）
Q4635820,JR東海373系電車,電車,東海旅客鉄道,東海旅客鉄道,日立製作所,1995-10-01,,,JR東海373系電車,JRC373 HomeLiner.jpg,5,Wikidata Q4635820（2026-10-07取得）
Q4635939,国鉄381系電車,電車,東海旅客鉄道|西日本旅客鉄道,日本国有鉄道|西日本旅客鉄道|東海旅客鉄道,近畿車輛|川崎重工業|日立製作所,1973-07-10,,120,国鉄381系電車,JRW series381 Yamatoji(Mahoroba).jpg,4,Wikidata Q4635939（2026-10-07取得）
Q4637562,国鉄415系電車,電車,東日本旅客鉄道|西日本旅客鉄道|九州旅客鉄道,日本国有鉄道|東日本旅客鉄道|九州旅客鉄道|西日本旅客鉄道,日立製作所,,,,国鉄415系電車,JNR-415.JPG,6,Wikidata Q4637562（2026-10-07取得）
Q4640151,JR西日本521系電車,電車,西日本旅客鉄道|IRいしかわ鉄道|あいの風とやま鉄道,西日本旅客鉄道|IRいしかわ鉄道|あいの風とやま鉄道,近畿車輛|川崎重工業,2006-11,,,JR西日本521系電車,JRW Series521-G30.jpg,5,Wikidata Q4640151（2026-10-07取得）
Q4640230,国鉄52系電車,電車,,鉄道省|日本国有鉄道,川崎重工業,,,,国鉄52系電車,JGR Moha52 firstmodel.jpg,3,Wikidata Q4640230（2026-10-07取得）
Q4640868,国鉄583系電車,電車,東日本旅客鉄道|西日本旅客鉄道,日本国有鉄道|東日本旅客鉄道|西日本旅客鉄道,日立製作所,,,,国鉄583系電車,583系電車N1N2編成.jpg,3,Wikidata Q4640868（2026-10-07取得）
Q4641947,国鉄63系電車,電車,山陽電気鉄道,日本国有鉄道|山陽電気鉄道,川崎重工業,,,,国鉄63系電車,JNR EC TYPE63 Prototype.jpg,3,Wikidata Q4641947（2026-10-07取得）
Q4642082,JR東日本651系電車,電車,東日本旅客鉄道,東日本旅客鉄道,川崎重工業,,,,JR東日本651系電車,JReast651-1000suwaro-akagi.jpg,6,Wikidata Q4642082（2026-10-07取得）
Q4642318,JR西日本681系電車,電車,西日本旅客鉄道,西日本旅客鉄道,新潟鐵工所|川崎車両|近畿車輛|日立製作所,1992-12-26,,,JR西日本681系電車,JRW Series681-0 V12.jpg,6,Wikidata Q4642318（2026-10-07取得）
Q4642322,JR西日本683系電車,電車,西日本旅客鉄道,西日本旅客鉄道,川崎車両|近畿車輛|新潟トランシス|日本車輌製造|日立製作所,2001-03-03,,,JR西日本683系電車,JRW 683 4000.JPG,6,Wikidata Q4642322（2026-10-07取得）
Q4642968,JR東日本701系電車,電車,東日本旅客鉄道|青い森鉄道|アイジーアールいわて銀河鉄道,東日本旅客鉄道|青い森鉄道|IGRいわて銀河鉄道,秋田総合車両センター|川崎重工業,1993,,,JR東日本701系電車,Tazawako 701-5000 Morioka 20070310.jpg,5,Wikidata Q4642968（2026-10-07取得）
Q4643062,国鉄711系電車,電車,北海道旅客鉄道,日本国有鉄道|北海道旅客鉄道,汽車製造,,,,国鉄711系電車,JNR 711 series EMU 029.JPG,4,Wikidata Q4643062（2026-10-07取得）
Q4643082,国鉄419系・715系電車,電車,東日本旅客鉄道|西日本旅客鉄道|九州旅客鉄道,日本国有鉄道|東日本旅客鉄道|九州旅客鉄道|西日本旅客鉄道,日本国有鉄道,,,,国鉄419系・715系電車,JR Kyusyu holiday kuha715-7.jpg,5,Wikidata Q4643082（2026-10-07取得）
Q4643149,JR北海道721系電車,電車,北海道旅客鉄道,北海道旅客鉄道,日立製作所,1988-11-03,,,JR北海道721系電車,JRH Series721 F4103.jpg,6,Wikidata Q4643149（2026-10-07取得）
Q4643248,JR北海道731系電車,電車,北海道旅客鉄道,北海道旅客鉄道,川崎重工業,1996-12-24,,,JR北海道731系電車,731 series G116 Otaru 20090830.jpg,5,Wikidata Q4643248（2026-10-07取得）
Q4643257,JR北海道733系電車,電車,北海道旅客鉄道,北海道旅客鉄道,川崎車両,2012-06-01,,,JR北海道733系電車,JRH Series733 B107.jpg,4,Wikidata Q4643257（2026-10-07取得）
Q4643262,JR北海道735系電車,電車,北海道旅客鉄道,北海道旅客鉄道,日立製作所,,,,JR北海道735系電車,JR HOKKAIDO EC735 A-101 TRAIN.jpg,4,Wikidata Q4643262（2026-10-07取得）
Q4643634,国鉄781系電車,電車,北海道旅客鉄道,日本国有鉄道|北海道旅客鉄道,川崎車両,,,,国鉄781系電車,781 Lilac Asahikawa 20061103.jpg,4,Wikidata Q4643634（2026-10-07取得）
Q4643640,JR九州783系電車,電車,九州旅客鉄道,九州旅客鉄道,日立製作所,,,,JR九州783系電車,JR Kyushu 783 series EMU Kamome express 2011.jpg,5,Wikidata Q4643640（2026-10-07取得）
Q4643649,JR北海道785系電車,電車,北海道旅客鉄道,北海道旅客鉄道,日立製作所,,,,JR北海道785系電車,JR Hokkaido 785 series EMU 007.JPG,6,Wikidata Q4643649（2026-10-07取得）
Q4643655,JR九州787系電車,電車,九州旅客鉄道,九州旅客鉄道,日立製作所,1992-07-15,,,JR九州787系電車,Ariake-Series787-BM2.jpg,5,Wikidata Q4643655（2026-10-07取得）
Q4643663,JR北海道789系電車,電車,北海道旅客鉄道,北海道旅客鉄道,川崎重工業,,,,JR北海道789系電車,Limited express super hakucho 789 kei.JPG,7,Wikidata Q4643663（2026-10-07取得）
Q4644485,JR九州811系電車,電車,九州旅客鉄道,九州旅客鉄道,日立製作所,1989-07-21,,,JR九州811系電車,Series811-Kagoshima-Line.jpg,4,Wikidata Q4644485（2026-10-07取得）
Q4644496,JR九州813系電車,電車,九州旅客鉄道,九州旅客鉄道,九州旅客鉄道,,,,JR九州813系電車,Series813-R204.jpg,5,Wikidata Q4644496（2026-10-07取得）
Q4644505,JR九州815系電車,電車,九州旅客鉄道,九州旅客鉄道,日立製作所,,,,JR九州815系電車,JR Kyushu 815.jpg,4,Wikidata Q4644505（2026-10-07取得）
Q4644521,JR九州817系電車,電車,九州旅客鉄道,九州旅客鉄道,日立製作所,2001-10-06,,,JR九州817系電車,JR-Series817 VK003.jpg,4,Wikidata Q4644521（2026-10-07取得）
Q4712640,秩父鉄道7500系電車,電車,秩父鉄道,秩父鉄道,総合車両製作所,,,,秩父鉄道7500系電車,Chichibu Series7500-7706.jpg,4,Wikidata Q4712640（2026-10-07取得）
Q48746079,明知鉄道アケチ100形気動車,気動車,明知鉄道,明知鉄道,新潟トランシス,,,,明知鉄道アケチ100形気動車,Akechi Railroad Akechi 100 ac (1).jpg,3,Wikidata Q48746079（2026-10-07取得）
Q48747823,伊予鉄道モハ5000形電車,電車,伊予鉄道,伊予鉄道,アルナ車両,,,,伊予鉄道モハ5000形電車,Iyotetsu-Moha5001.jpg,3,Wikidata Q48747823（2026-10-07取得）
Q48750279,長良川鉄道ナガラ500形気動車,気動車,長良川鉄道,長良川鉄道,新潟トランシス,,,,長良川鉄道ナガラ500形気動車,Nagara5(501).JPG,3,Wikidata Q48750279（2026-10-07取得）
Q48815931,JR九州821系電車,電車,九州旅客鉄道,九州旅客鉄道,日立製作所,2019-03-16,,,JR九州821系電車,821系UM001.jpg,4,Wikidata Q48815931（2026-10-07取得）
Q48853693,JR九州YC1系気動車,気動車,九州旅客鉄道,九州旅客鉄道,川崎重工業,,,,JR九州YC1系気動車,JRK Series-YC1-1203 Sasebo-Line.jpg,4,Wikidata Q48853693（2026-10-07取得）
Q5096035,秩父鉄道2000系電車,電車,秩父鉄道,秩父鉄道,,,,,秩父鉄道2000系電車,Chichibu-2002.jpg,4,Wikidata Q5096035（2026-10-07取得）
Q5096036,秩父鉄道1000系電車,電車,秩父鉄道,秩父鉄道,日本国有鉄道,,,,秩父鉄道1000系電車,Chichibu Railway 1002 20080126.jpg,4,Wikidata Q5096036（2026-10-07取得）
Q5096038,秩父鉄道3000系電車,電車,秩父鉄道,秩父鉄道,,,,,秩父鉄道3000系電車,Chichibu-railway 3000shibazakura.jpg,3,Wikidata Q5096038（2026-10-07取得）
Q5096040,秩父鉄道5000系電車,電車,秩父鉄道,秩父鉄道,,,,,秩父鉄道5000系電車,Chichibu-railway Series5000-5203.jpg,5,Wikidata Q5096040（2026-10-07取得）
Q5096041,秩父鉄道500系電車,電車,秩父鉄道,秩父鉄道,,,,,秩父鉄道500系電車,Chichibu-500.jpg,3,Wikidata Q5096041（2026-10-07取得）
Q5096042,秩父鉄道6000系電車,電車,秩父鉄道,秩父鉄道,,2006,,,秩父鉄道6000系電車,Chichibu-Railway Series6000-6202.jpg,3,Wikidata Q5096042（2026-10-07取得）
Q5096043,秩父鉄道7000系電車,電車,秩父鉄道,秩父鉄道,総合車両製作所,,,,秩父鉄道7000系電車,Chichibu Series7000-7001.jpg,5,Wikidata Q5096043（2026-10-07取得）
Q5096046,秩父鉄道800系電車,電車,秩父鉄道,秩父鉄道,,,,,秩父鉄道800系電車,Chichibu-800.jpg,3,Wikidata Q5096046（2026-10-07取得）
Q510275,新幹線E6系電車,新幹線,東日本旅客鉄道,東日本旅客鉄道,川崎重工業|日立製作所,2013-03-16,,,新幹線E6系電車,Series-E6 Z14 Komachi.jpg,14,Wikidata Q510275（2026-10-07取得）
Q52318,JR貨物M250系電車,電車,,日本貨物鉄道,川崎重工業,2004-03-13,,130,JR貨物M250系電車,Model M250 of JR Freight.jpg,7,Wikidata Q52318（2026-10-07取得）
Q5322339,JR東日本E127系電車,電車,東日本旅客鉄道,東日本旅客鉄道,東日本旅客鉄道,1995-05-08,,,JR東日本E127系電車,Series-E127-V13.jpg,6,Wikidata Q5322339（2026-10-07取得）
Q5322417,JR東日本E501系電車,電車,東日本旅客鉄道,東日本旅客鉄道,川崎重工業,1995-12-01,,,JR東日本E501系電車,Jreast e501.jpg,6,Wikidata Q5322417（2026-10-07取得）
Q5322430,JR東日本E655系電車,電車,東日本旅客鉄道,東日本旅客鉄道,日立製作所,,,,JR東日本E655系電車,JR-Series-E655.jpg,5,Wikidata Q5322430（2026-10-07取得）
Q5322431,JR東日本E653系電車,電車,東日本旅客鉄道,東日本旅客鉄道,日立製作所,1997,,,JR東日本E653系電車,E653-1000 U104 Inaho 5 20140731.jpg,5,Wikidata Q5322431（2026-10-07取得）
Q5322440,JR東日本E721系電車,電車,東日本旅客鉄道,東日本旅客鉄道,川崎重工業,2007-02-01,,,JR東日本E721系電車,E721&SAT721.JPG,6,Wikidata Q5322440（2026-10-07取得）
Q5322441,JR東日本E751系電車,電車,東日本旅客鉄道,東日本旅客鉄道,総合車両製作所,2000-03-11,,,JR東日本E751系電車,E751-tsugaru.jpg,5,Wikidata Q5322441（2026-10-07取得）
Q5353362,営団02系電車,地下鉄車両,東京地下鉄,東京地下鉄|帝都高速度交通営団,川崎車両,1988-10-17,,,営団02系電車,Tokyo-Metro-Series02.jpg,6,Wikidata Q5353362（2026-10-07取得）
Q5363087,横浜市交通局10000形電車,地下鉄車両,横浜市,横浜市営地下鉄,川崎車両,2008-03,,,横浜市交通局10000形電車,Yokohama-City-Subway 10121 6cars.jpg,5,Wikidata Q5363087（2026-10-07取得）
Q5363179,名古屋市交通局3000形電車,地下鉄車両,名古屋市,名古屋市交通局,日立製作所,,,,名古屋市交通局3000形電車 (鉄道),Nagoyasubway-3000-kamiotai-20070601.jpg,4,Wikidata Q5363179（2026-10-07取得）
Q5363489,東武200系電車,電車,東武鉄道,東武鉄道,アルナ車両|東急車輛製造,1991,,,東武200系電車,Tobu-Series200 Ryomo.jpg,6,Wikidata Q5363489（2026-10-07取得）
Q5363514,東武8000系電車,電車,東武鉄道,東武鉄道,アルナ車両|東急車輛製造|汽車製造|SUBARU|日本車輌製造,1963,,,東武8000系電車,Tobu-Noda-Line-Series8000-8111F.jpg,6,Wikidata Q5363514（2026-10-07取得）
Q5364058,京成AE形電車,電車,京成電鉄,京成電鉄,日本車輌製造,2010-07-17,,,京成AE形電車 (2代),Keisei-Type-AE.jpg,7,Wikidata Q5364058（2026-10-07取得）
Q5364213,JR西日本キハ189系気動車,気動車,西日本旅客鉄道,西日本旅客鉄道,新潟トランシス,,,,JR西日本キハ189系気動車,JRW Series Kiha 189 Hamakaze 2.jpg,7,Wikidata Q5364213（2026-10-07取得）
Q5364326,京成AE形電車,電車,京成電鉄,京成電鉄,東急車輛製造,,,,京成AE形電車 (初代),Keisei-ae.jpg,5,Wikidata Q5364326（2026-10-07取得）
Q5364719,東武100系電車,電車,東武鉄道,東武鉄道,アルナ車両|東急車輛製造,1990-06-01,,,東武100系電車,Tobu-Series100-109F Revival.jpg,7,Wikidata Q5364719（2026-10-07取得）
Q5364729,名古屋市交通局6000形電車,地下鉄車両,名古屋市,名古屋市交通局,日本車輌製造,,,,名古屋市交通局6000形電車,Ntb6000.jpg,4,Wikidata Q5364729（2026-10-07取得）
Q5364742,東武1800系電車,電車,東武鉄道,東武鉄道,アルナ車両|日本車輌製造,1969,,,東武1800系電車,TOBURAILWAY SERIES1800 1819F NIKKOLINE EXTRA.jpg,4,Wikidata Q5364742（2026-10-07取得）
Q5364913,名古屋市交通局3050形電車,地下鉄車両,名古屋市,名古屋市交通局,日本車輌製造,,,,名古屋市交通局3050形電車,鶴舞線3050形電車.jpg,4,Wikidata Q5364913（2026-10-07取得）
Q5364948,東急8000系電車,電車,,東急,東急車輛製造,,,,東急8000系電車,Tokyu8000 red.jpg,7,Wikidata Q5364948（2026-10-07取得）
Q5365249,JR四国7000系電車,電車,四国旅客鉄道,四国旅客鉄道,近畿車輛,,,,JR四国7000系電車,JR-Series7000-7011.jpg,5,Wikidata Q5365249（2026-10-07取得）
Q5365905,福岡市交通局3000系電車,地下鉄車両,福岡市,福岡市交通局,日立製作所,2005-02-03,,,福岡市交通局3000系電車,Fukuokasubway3000.jpg,4,Wikidata Q5365905（2026-10-07取得）
Q5366029,福岡市交通局2000系電車,地下鉄車両,福岡市,福岡市交通局,近畿車輛,,,,福岡市交通局2000系電車,Fukuokasubway2000.jpg,4,Wikidata Q5366029（2026-10-07取得）
Q5366034,福岡市交通局1000系電車,地下鉄車両,福岡市,福岡市交通局,近畿車輛,,,,福岡市交通局1000系電車,Fukuoka-City-Subway-Series1000-10F.jpg,4,Wikidata Q5366034（2026-10-07取得）
Q5366351,名古屋市交通局6050形電車,地下鉄車両,名古屋市,名古屋市交通局,日本車輌製造,2010-07-05,,,名古屋市交通局6050形電車,NagoyaCitySubwaySeries6050@Nakamurakuyakusyo.JPG,4,Wikidata Q5366351（2026-10-07取得）
Q5366712,大阪市交通局70系電車,地下鉄車両,大阪市高速電気軌道,大阪市交通局|大阪市高速電気軌道,川崎重工業,1990-03-20,,,大阪市交通局70系電車,Osaka subway New70.jpg,4,Wikidata Q5366712（2026-10-07取得）
Q5367507,営団01系電車,地下鉄車両,東京地下鉄,東京地下鉄|帝都高速度交通営団,川崎重工業,1984-01-01,,,営団01系電車,Tokyometro01-138.jpg,7,Wikidata Q5367507（2026-10-07取得）
Q537730,FASTECH,新幹線,東日本旅客鉄道,東日本旅客鉄道,川崎重工業,2005-06-25,2009-06,,FASTECH,FASTECH 360-S.JPG,10,Wikidata Q537730（2026-10-07取得）
Q5450344,港鉄SP1900形電車,電車,,香港鉄路|九広鉄道公司,川崎車両|近畿車輛,,,,九広鉄路SP1900形電車,D352-D351(006) MTR Tuen Ma Line 10-07-2021.jpg,6,Wikidata Q5450344（2026-10-07取得）
Q55534149,神戸市交通局6000形電車,地下鉄車両,神戸市,神戸市交通局,川崎車両,2019-02-16,,,神戸市交通局6000形電車,Kobe city subway 6000 series.jpg,4,Wikidata Q55534149（2026-10-07取得）
Q55715887,北近畿タンゴ鉄道KTR300形気動車,気動車,,WILLER TRAINS,新潟トランシス,,,,北近畿タンゴ鉄道KTR300形気動車,京都丹後鉄道300形.jpg,3,Wikidata Q55715887（2026-10-07取得）
Q5651107,阪神5500系電車,電車,阪神電気鉄道,阪神電気鉄道,武庫川車両工業|川崎車両,1995-11-01,,,阪神5500系電車,Hanshin-Series5500-5509.jpg,5,Wikidata Q5651107（2026-10-07取得）
Q56762,東武300系電車,電車,東武鉄道,東武鉄道,,1991-07-21,,110,東武300系電車,Tobu Railway 300 Limited Express Kirifuri.jpg,4,Wikidata Q56762（2026-10-07取得）
Q567982,新幹線E1系電車,新幹線,東日本旅客鉄道,東日本旅客鉄道,川崎重工業,1994-07-15,,240,新幹線E1系電車,JR East Shinkansen E1(renewal).jpg,14,Wikidata Q567982（2026-10-07取得）
Q5933335,京阪13000系電車,電車,京阪電気鉄道,京阪電気鉄道,川崎車両,2012-04-14,,,京阪13000系電車,Keihan 13001 Uji Line 20120414.jpg,5,Wikidata Q5933335（2026-10-07取得）
Q5947053,東京メトロ1000系電車,地下鉄車両,東京地下鉄,東京地下鉄,日本車輌製造,2012-04-11,,,東京メトロ1000系電車,Tokyo-Metro Series1000-1008 Marunouchi-Line.jpg,6,Wikidata Q5947053（2026-10-07取得）
Q5949206,長野電鉄2100系電車,電車,長野電鉄,長野電鉄,,,,,長野電鉄2100系電車,Nagano-Railway Series2100-E2F.jpg,5,Wikidata Q5949206（2026-10-07取得）
Q5950840,JR東海キハ25形気動車,気動車,東海旅客鉄道,東海旅客鉄道,日本車輌製造,2011-03,,,JR東海キハ25形気動車,JR Central Kiha25-3 at Okkawa.jpg,5,Wikidata Q5950840（2026-10-07取得）
Q5972199,東京地下鉄15000系電車,電車,東京地下鉄,東京地下鉄,日立製作所,2010-05-07,,,東京メトロ15000系電車,Tokyo-Metro Series15000-15001.jpg,6,Wikidata Q5972199（2026-10-07取得）
Q60461394,新幹線923形電車,新幹線,東海旅客鉄道|西日本旅客鉄道,西日本旅客鉄道|東海旅客鉄道,日立製作所|日本車輌製造,,,,新幹線923形電車,Type923-T4.jpg,4,Wikidata Q60461394（2026-10-07取得）
Q60748884,東京メトロ2000系電車,地下鉄車両,東京地下鉄,東京地下鉄,日本車輌製造,2019-02-23,,,東京メトロ2000系電車,Marunouchi-Line Series2000-2025.jpg,6,Wikidata Q60748884（2026-10-07取得）
Q60775980,西武001系電車,電車,西武鉄道,西武鉄道,日立製作所,2019-03-16,,,西武001系電車,Seibu001series.jpg,6,Wikidata Q60775980（2026-10-07取得）
Q6102233,伊豆箱根鉄道1100系電車,電車,伊豆箱根鉄道,伊豆箱根鉄道,,,,,伊豆箱根鉄道1100系電車,Izuhakone-1100.jpg,3,Wikidata Q6102233（2026-10-07取得）
Q6108894,JR四国1000形気動車,気動車,四国旅客鉄道,四国旅客鉄道,新潟トランシス,,,,JR四国1000形気動車,JRS Type1000 1021.jpg,4,Wikidata Q6108894（2026-10-07取得）
Q6108898,JR四国5000系電車,電車,四国旅客鉄道,四国旅客鉄道,川崎重工業,,,,JR四国5000系電車,JRS Series5000-M5 Marine-liner-41.jpg,7,Wikidata Q6108898（2026-10-07取得）
Q6108900,JR四国6000系電車,電車,四国旅客鉄道,四国旅客鉄道,日本車輌製造,,,,JR四国6000系電車,JNS 6000 2nd.JPG,4,Wikidata Q6108900（2026-10-07取得）
Q6108903,JR四国8000系電車,電車,四国旅客鉄道,四国旅客鉄道,日立製作所,,,,JR四国8000系電車,8000 siokaze.jpg,4,Wikidata Q6108903（2026-10-07取得）
Q6124719,近鉄50000系電車,電車,近畿日本鉄道,近畿日本鉄道,近畿車輛,2013-03-21,,,近鉄50000系電車,KINTETSU50000 1.JPG,5,Wikidata Q6124719（2026-10-07取得）
Q6129461,大阪市交通局30000系電車,地下鉄車両,大阪市高速電気軌道,大阪市交通局|大阪市高速電気軌道,川崎車両|近畿車輛,2009-03-18,,,大阪市交通局30000系電車,Osaka Subway 32601F 20090918.jpg,5,Wikidata Q6129461（2026-10-07取得）
Q6133390,相鉄11000系電車,電車,相模鉄道,相模鉄道,総合車両製作所|東日本旅客鉄道,2009-06-15,,,相鉄11000系電車,Sagami-Railway-11005F.jpg,5,Wikidata Q6133390（2026-10-07取得）
Q6136105,東急6000系電車,電車,東急電鉄,東急電鉄,総合車両製作所,2008-03-28,,,東急6000系電車 (2代),Tokyu 6103 (7cars) Express 20180319.jpg,5,Wikidata Q6136105（2026-10-07取得）
Q6141607,名古屋市交通局N1000形電車,地下鉄車両,名古屋市,名古屋市交通局,日本車輌製造,2008-03-26,,,名古屋市交通局N1000形電車,Nagoya-Municipal-Subway-N1002-20100317.jpg,5,Wikidata Q6141607（2026-10-07取得）
Q61784005,相鉄12000系電車,電車,相模鉄道,相模鉄道,総合車両製作所,2019-04-20,,,相鉄12000系電車,Sotetsu 12001F.jpg,5,Wikidata Q61784005（2026-10-07取得）
Q63131530,福島交通1000系電車,電車,福島交通,福島交通,,,,,福島交通1000系電車,Fukushima Kotsu 1000 series sets 1111 1103 Hachioji Station 20171128.jpg,3,Wikidata Q63131530（2026-10-07取得）
Q6383608,京阪8000系電車,電車,京阪電気鉄道,京阪電気鉄道,川崎車両,1989,,,京阪8000系電車,Keihan8000-newcolor.JPG,4,Wikidata Q6383608（2026-10-07取得）
Q6383775,京王3000系電車,電車,京王電鉄,京王電鉄,総合車両製作所,,,,京王3000系電車,InokashirasenNew3000kei.jpg,3,Wikidata Q6383775（2026-10-07取得）
Q6383776,京王1000系電車,電車,京王電鉄,京王電鉄,総合車両製作所,1996-01-09,,,京王1000系電車 (2代),Inokashira line Series1000.jpg,6,Wikidata Q6383776（2026-10-07取得）
Q6383777,京王5000系電車,電車,京王電鉄,京王電鉄,日本車輌製造,,,,京王5000系電車 (初代),Keio5000-0.JPG,5,Wikidata Q6383777（2026-10-07取得）
Q6383779,京王7000系電車,電車,京王電鉄,京王電鉄,日本車輌製造,,,,京王7000系電車,Keio-Series7000-7723.jpg,5,Wikidata Q6383779（2026-10-07取得）
Q6383780,京王8000系電車,電車,京王電鉄,京王電鉄,日本車輌製造,,,,京王8000系電車,Keio-Series8000-8712.jpg,6,Wikidata Q6383780（2026-10-07取得）
Q6383781,京王9000系電車,電車,京王電鉄,京王電鉄,日本車輌製造,,,,京王9000系電車,Keio-Series9000-9701.jpg,7,Wikidata Q6383781（2026-10-07取得）
Q6383833,京成3000形電車,電車,京成電鉄,京成電鉄,総合車両製作所|日本車輌製造,2003,,,京成3000形電車 (2代),Keisei-Series3000-3042.jpg,7,Wikidata Q6383833（2026-10-07取得）
Q6383835,京成3500形電車,電車,京成電鉄,京成電鉄,日本車輌製造,1972,,,京成3500形電車,Keisei 3588 20090602.jpg,4,Wikidata Q6383835（2026-10-07取得）
Q6383836,京成AE100形電車,電車,京成電鉄,京成電鉄,日本車輌製造,1990-06-19,,,京成AE100形電車,Keisei Electric Railway AE100.jpg,6,Wikidata Q6383836（2026-10-07取得）
Q6403559,JR西日本キハ120形気動車,気動車,西日本旅客鉄道,西日本旅客鉄道,新潟鐵工所,,,,JR西日本キハ120形気動車,JRW DC kiha120-356.jpg,5,Wikidata Q6403559（2026-10-07取得）
Q6403560,JR東海キハ11形気動車,気動車,東海旅客鉄道,東海旅客鉄道,新潟鐵工所,,,,JR東海キハ11形気動車,JR-central-kiha11 111.JPG,4,Wikidata Q6403560（2026-10-07取得）
Q6403561,JR北海道キハ150形気動車,気動車,北海道旅客鉄道,北海道旅客鉄道,SUBARU,,,,JR北海道キハ150形気動車,JRN DC150-0 20061104 001.jpg,5,Wikidata Q6403561（2026-10-07取得）
Q6403562,JR西日本キハ127系気動車,気動車,西日本旅客鉄道,西日本旅客鉄道,新潟トランシス,,,,JR西日本キハ127系気動車,JRwest Kiha127.jpg,5,Wikidata Q6403562（2026-10-07取得）
Q6403566,JR北海道キハ201系気動車,気動車,北海道旅客鉄道,北海道旅客鉄道,SUBARU,,,,JR北海道キハ201系気動車,JR Hokkaido 201 series DMU 013.JPG,5,Wikidata Q6403566（2026-10-07取得）
Q6403568,JR北海道キハ281系気動車,気動車,北海道旅客鉄道,北海道旅客鉄道,SUBARU,1994,2022,,JR北海道キハ281系気動車,Series Kiha281 Hokuto-2.jpg,4,Wikidata Q6403568（2026-10-07取得）
Q6403569,JR北海道キハ261系気動車,気動車,北海道旅客鉄道,北海道旅客鉄道,川崎車両|SUBARU|新潟トランシス|川崎重工業,,,,JR北海道キハ261系気動車,JR Hokkaido 261 series DMU 011.JPG,6,Wikidata Q6403569（2026-10-07取得）
Q6403573,JR九州キハ71系気動車,気動車,九州旅客鉄道,九州旅客鉄道,,,,,JR九州キハ71系気動車,Kuha71-Kagoshima-Line.jpg,4,Wikidata Q6403573（2026-10-07取得）
Q6403574,国鉄キハ40系気動車,気動車,東海旅客鉄道|東日本旅客鉄道|西日本旅客鉄道|小湊鐵道|北海道旅客鉄道|九州旅客鉄道|四国旅客鉄道|会津鉄道|北条鉄道|錦川鉄道,北海道旅客鉄道|四国旅客鉄道|東日本旅客鉄道|九州旅客鉄道|西日本旅客鉄道|東海旅客鉄道|北条鉄道|錦川鉄道|小湊鐵道|会津鉄道|日本国有鉄道,SUBARU,,,,国鉄キハ40系気動車 (2代),Kiha40-1727.jpg,7,Wikidata Q6403574（2026-10-07取得）
Q6403575,JR東海キハ75形気動車,気動車,東海旅客鉄道,東海旅客鉄道,日本車輌製造,,,,JR東海キハ75形気動車,JR-Central-Kiha-75-Series-Rapid-Mie-Iseshi-20190503.jpg,5,Wikidata Q6403575（2026-10-07取得）
Q6403579,JR東日本キハE130系気動車,気動車,東日本旅客鉄道,東日本旅客鉄道,新潟トランシス,2007-01-19,,,JR東日本キハE130系気動車,Series-KihaE130-E131.jpg,5,Wikidata Q6403579（2026-10-07取得）
Q6414352,近鉄22600系電車,電車,近畿日本鉄道,近畿日本鉄道,近畿車輛,,,,近鉄22600系電車,Kintetsu-22600.JPG,5,Wikidata Q6414352（2026-10-07取得）
Q6417780,北大阪急行電鉄8000形電車,電車,北大阪急行電鉄,北大阪急行電鉄,アルナ工機,,,,北大阪急行電鉄8000形電車,Kitaosaka-kyuko-railway 8000 renewalcar.jpg,4,Wikidata Q6417780（2026-10-07取得）
Q6424322,神戸新交通2000型電車,電車,神戸新交通,神戸新交通,川崎車両,,,,神戸新交通2000型電車,2000 Series (KNT).jpg,3,Wikidata Q6424322（2026-10-07取得）
Q6424324,神戸新交通8000型電車,電車,神戸新交通,神戸新交通,川崎重工業,,,,神戸新交通8000型電車,Portliner 8000 01.jpg,3,Wikidata Q6424324（2026-10-07取得）
Q65009934,JR四国2700系気動車,気動車,四国旅客鉄道,四国旅客鉄道,川崎重工業,,,,JR四国2700系気動車,JR Series2700-2780 Dosan-Line.jpg,5,Wikidata Q65009934（2026-10-07取得）
Q65279397,能勢電鉄1700系電車,電車,能勢電鉄,能勢電鉄,アルナ工機,,,,能勢電鉄1700系電車,Noseden1754F-2017-6-18.jpg,3,Wikidata Q65279397（2026-10-07取得）
Q65291802,阪急1000形電車,電車,阪急電鉄,阪急電鉄,アルナ工機,,,,阪急1000形電車 (初代),Hankyu 1000I Scan10078.JPG,3,Wikidata Q65291802（2026-10-07取得）
Q6810368,名鉄1200系電車,電車,名古屋鉄道,名古屋鉄道,日本車輌製造,,,,名鉄1000系電車,Meitetsu 1000 series 043.JPG,3,Wikidata Q6810368（2026-10-07取得）
Q6810369,名鉄100系電車,電車,名古屋鉄道,名古屋鉄道,日本車輌製造,,,,名鉄100系電車,Meitetsu 100 series 017.JPG,3,Wikidata Q6810369（2026-10-07取得）
Q6810372,名鉄1600系電車,電車,名古屋鉄道,名古屋鉄道,日本車輌製造,,,,名鉄1600系電車,Meitetsu 1600 Series EMU 013.JPG,3,Wikidata Q6810372（2026-10-07取得）
Q6810376,名鉄2000系電車,電車,名古屋鉄道,名古屋鉄道,日本車輌製造,2005-01-29,,,名鉄2000系電車,Nagoya Railway 2000.jpg,4,Wikidata Q6810376（2026-10-07取得）
Q6810377,名鉄2200系電車,電車,名古屋鉄道,名古屋鉄道,日本車輌製造,2005-01-29,,,名鉄2200系電車,Meitetsu Rapid Ltd.Exp. 2200 Series 2.JPG,4,Wikidata Q6810377（2026-10-07取得）
Q6810380,名鉄300系電車,電車,名古屋鉄道,名古屋鉄道,日本車輌製造,,,,名鉄300系電車,Meitetsu Komaki Line 300 series 2.JPG,4,Wikidata Q6810380（2026-10-07取得）
Q6810381,名鉄3500系電車 (2代),電車,名古屋鉄道,名古屋鉄道,日本車輌製造,,,,名鉄3500系電車 (2代),Nagoya Railway 3500.jpg,4,Wikidata Q6810381（2026-10-07取得）
Q6810384,名鉄4000系電車,電車,名古屋鉄道,名古屋鉄道,日本車輌製造,,,,名鉄4000系電車,Meitetsu4000.JPG,3,Wikidata Q6810384（2026-10-07取得）
Q6810388,名鉄5000系電車 (2代),電車,名古屋鉄道,名古屋鉄道,日本車輌製造,,,,名鉄5000系電車 (2代),Meitetsu 5000 series ( II ) EMU 017.JPG,3,Wikidata Q6810388（2026-10-07取得）
Q6810391,名鉄5300系電車,電車,名古屋鉄道,名古屋鉄道,日本車輌製造,,,,名鉄5700系電車,Meitetsu 5300 2cars nagoyakyuzyo.jpg,4,Wikidata Q6810391（2026-10-07取得）
Q6810394,名鉄6000系電車,電車,名古屋鉄道,名古屋鉄道,日本車輌製造,,,,名鉄6000系電車,Meitetsu 6000 series 011.JPG,4,Wikidata Q6810394（2026-10-07取得）
Q6810396,名鉄7000系電車,電車,名古屋鉄道,名古屋鉄道,日本車輌製造,,,,名鉄7000系電車,Meitetsu7000-p6-kanayama-20070601.jpg,4,Wikidata Q6810396（2026-10-07取得）
Q68191443,名鉄9500系電車,電車,名古屋鉄道,名古屋鉄道,日本車輌製造,,,,名鉄9500系電車,Meitetsu Express 9500 series.jpg,4,Wikidata Q68191443（2026-10-07取得）
Q6958434,長野電鉄2000系電車,電車,長野電鉄,長野電鉄,日本車輌製造,,,,長野電鉄2000系電車,Nagano-Dentetsu-2008-Asahi.jpg,3,Wikidata Q6958434（2026-10-07取得）
Q6958971,名古屋市交通局2000形電車,地下鉄車両,名古屋市,名古屋市交通局,日本車輌製造|日立製作所,,,,名古屋市交通局2000形電車 (鉄道),Nagoya Subway 2127 Motoyama 20090518.JPG,5,Wikidata Q6958971（2026-10-07取得）
Q6958973,名古屋市交通局5000形電車,地下鉄車両,名古屋市,メトロビアス|名古屋市交通局,日本車輌製造|日立製作所,,2015-08-30,,名古屋市交通局5000形電車,Nagoya subway 5000 Fujigaoka 20080405.jpg,6,Wikidata Q6958973（2026-10-07取得）
Q6958974,名古屋市交通局7000形電車,地下鉄車両,名古屋市,名古屋市交通局,日本車輌製造,,,,名古屋市交通局7000形電車,Nagoya-shikou-7000.jpg,5,Wikidata Q6958974（2026-10-07取得）
Q6958976,名古屋市交通局N3000形電車,地下鉄車両,名古屋市,名古屋市交通局,日本車輌製造|日立製作所,2012-03-16,,,名古屋市交通局N3000形電車,N3000形電車.jpg,4,Wikidata Q6958976（2026-10-07取得）
Q6963721,南海12000系電車,電車,南海電気鉄道,南海電気鉄道,東急車輛製造,2011-09-01,,,南海12000系電車,Nankai 12102 at Shin-Imamiya Station.JPG,5,Wikidata Q6963721（2026-10-07取得）
Q6963722,南海50000系電車,電車,南海電気鉄道,南海電気鉄道,東急車輛製造,1994-09-04,,,南海50000系電車,Nankai50000Series01.jpg,6,Wikidata Q6963722（2026-10-07取得）
Q7077239,小田急10000形電車,電車,小田急電鉄,小田急電鉄,川崎重工業|日本車輌製造,1987-12-23,,,小田急10000形電車,Odakyu 10000.JPG,6,Wikidata Q7077239（2026-10-07取得）
Q7077240,小田急1000形電車,電車,小田急電鉄,小田急電鉄,東急車輛製造|川崎重工業|日本車輌製造,1988-03-22,,,小田急1000形電車,Odakyu.type1000.jpg,5,Wikidata Q7077240（2026-10-07取得）
Q7077241,小田急20000形電車,電車,小田急電鉄,小田急電鉄,川崎重工業|日本車輌製造,1991-03-16,2012-03-16,,小田急20000形電車,Odakyu 20000 RSE Asagiri 20100515.jpg,5,Wikidata Q7077241（2026-10-07取得）
Q7077242,小田急2000形電車,電車,小田急電鉄,小田急電鉄,東急車輛製造|川崎重工業|日本車輌製造,1995-03-04,,,小田急2000形電車,Odakyu-Type2000-2059.jpg,4,Wikidata Q7077242（2026-10-07取得）
Q7077244,小田急30000形電車,電車,小田急電鉄,小田急電鉄,川崎重工業|日本車輌製造,1996,,,小田急30000形電車,Odakyu-EXE-30000.jpg,5,Wikidata Q7077244（2026-10-07取得）
Q7077245,小田急3000形電車,電車,小田急電鉄,小田急電鉄,東急車輛製造|川崎重工業|日本車輌製造,2002-02-10,,,小田急3000形電車 (2代),Odakyu-Series3000 3481.jpg,4,Wikidata Q7077245（2026-10-07取得）
Q7077246,小田急3100形電車,電車,小田急電鉄,小田急電鉄,川崎重工業|日本車輌製造,1963-03-16,,,小田急3100形電車,Odakyu-3100.jpg,4,Wikidata Q7077246（2026-10-07取得）
Q7077247,小田急4000形電車,電車,小田急電鉄,小田急電鉄,東急車輛製造|総合車両製作所|東日本旅客鉄道,2007-09,,,小田急4000形電車 (2代),Odakyu-Series4000 4551.jpg,6,Wikidata Q7077247（2026-10-07取得）
Q7077248,小田急5000形電車,電車,小田急電鉄,小田急電鉄,川崎車両,,,,小田急5000形電車 (初代),OER 5200 with Odakyu Brand Mark.jpg,4,Wikidata Q7077248（2026-10-07取得）
Q7077251,小田急60000形電車,電車,小田急電鉄,小田急電鉄,日本車輌製造,2008-03-15,,,小田急60000形電車,Odakyu-Type60000-MSE-Hakone.jpg,6,Wikidata Q7077251（2026-10-07取得）
Q7105581,大阪高速鉄道1000系電車,電車,大阪モノレール,大阪モノレール,川崎車両|日立製作所,,,,大阪高速鉄道1000系電車,OsakaMonorail1000Series01.jpg,4,Wikidata Q7105581（2026-10-07取得）
Q7105582,大阪高速鉄道2000系電車,電車,大阪モノレール,大阪モノレール,川崎車両|日立製作所,,,,大阪高速鉄道2000系電車,Osaka Monorail 2111 at Sawaragi Station.JPG,4,Wikidata Q7105582（2026-10-07取得）
Q71122209,京成3100形電車 (2代目),電車,京成電鉄,京成電鉄,総合車両製作所|日本車輌製造,,,,京成3100形電車 (2代),Keisei-Type3151.jpg,6,Wikidata Q71122209（2026-10-07取得）
Q720544,JR東日本キハ100系気動車,気動車,東日本旅客鉄道,東日本旅客鉄道,新潟鐵工所|SUBARU,,,,JR東日本キハ100系・キハ110系気動車,Haciko-Line Kiha110-112-204.jpg,5,Wikidata Q720544（2026-10-07取得）
Q7274839,R62 (地下鉄車両),地下鉄車両,,ニューヨーク市地下鉄,川崎車両,,,,ニューヨーク市地下鉄R62形電車,New Lots ShenanigansR62 (3) Train.jpg,7,Wikidata Q7274839（2026-10-07取得）
Q72924361,近鉄7020系電車,電車,近畿日本鉄道,近畿日本鉄道,近畿車輛,,,,近鉄7020系電車,Kintetsu Series7020-7624.jpg,4,Wikidata Q72924361（2026-10-07取得）
Q7309346,東武60000系電車,電車,東武鉄道,東武鉄道,日立製作所,2013-06-15,,,東武60000系電車,Tobu-Series60000-61606F.jpg,7,Wikidata Q7309346（2026-10-07取得）
Q74187436,JR西日本271系電車,電車,西日本旅客鉄道,西日本旅客鉄道,近畿車輛,2020-03-14,,,JR西日本271系電車,JR West Unit HA654 Tokyo side Kyoto 20191109.jpg,5,Wikidata Q74187436（2026-10-07取得）
Q7446598,西武30000系電車,電車,西武鉄道,西武鉄道,日立製作所,2008-04-26,,,西武30000系電車,Seibu-Series30000-38815F.jpg,5,Wikidata Q7446598（2026-10-07取得）
Q7446600,西武10000系電車,電車,西武鉄道,西武鉄道,日立製作所,1993-12,,,西武10000系電車,西武10000系電車・ちちぶ号.jpg,5,Wikidata Q7446600（2026-10-07取得）
Q7446607,西武6000系電車,地下鉄車両,西武鉄道,西武鉄道,東急車輛製造|日立製作所,1992-06-01,,,西武6000系電車,Seibu-Series6000-6001F.jpg,6,Wikidata Q7446607（2026-10-07取得）
Q752961,新幹線952形・953形電車,新幹線,東日本旅客鉄道,東日本旅客鉄道,日立製作所,1992-03-27,,,新幹線952形・953形電車,JRE 953-5 953-1.jpg,10,Wikidata Q752961（2026-10-07取得）
Q7667640,相鉄10000系電車,電車,相模鉄道,相模鉄道,東急車輛製造|新津車両製作所,2002-02-24,,,相鉄10000系電車,Sagami-Railway-10000-10705F.jpg,5,Wikidata Q7667640（2026-10-07取得）
Q7667642,相鉄5000系電車,電車,相模鉄道,相模鉄道,,,,,相鉄5000系電車,Series 5000 of Sagami Railway.jpg,4,Wikidata Q7667642（2026-10-07取得）
Q7667646,相鉄7000系電車,電車,相模鉄道,相模鉄道,日立製作所,,,,相鉄7000系電車,Sagami Railway 7000.jpg,3,Wikidata Q7667646（2026-10-07取得）
Q7667650,相鉄9000系電車,電車,相模鉄道,相模鉄道,総合車両製作所,1993,,,相鉄9000系電車,Sagami Railway 9000.jpg,3,Wikidata Q7667650（2026-10-07取得）
Q7671514,営団3000系電車,地下鉄車両,,帝都高速度交通営団,汽車製造,1961-03-28,1994-07-22,,営団3000系電車,Teito rapid transit authority 3000 3021.jpg,3,Wikidata Q7671514（2026-10-07取得）
Q7672572,首都圏新都市鉄道TX-1000系電車,電車,首都圏新都市鉄道,首都圏新都市鉄道,川崎車両,,,,首都圏新都市鉄道TX-1000系電車,TX Series1000-1609.jpg,6,Wikidata Q7672572（2026-10-07取得）
Q7672575,首都圏新都市鉄道TX-2000系電車,電車,首都圏新都市鉄道,首都圏新都市鉄道,日立製作所,,,,首都圏新都市鉄道TX-2000系電車,TX-2000 Series 2170F 20191219.jpg,6,Wikidata Q7672575（2026-10-07取得）
Q777761,新幹線800系電車,新幹線,九州旅客鉄道,九州旅客鉄道,日立製作所,,,260,新幹線800系電車,Kyushu Shinkansen 800 series Shin-Minamata 20041123.jpg,15,Wikidata Q777761（2026-10-07取得）
Q7811746,東武10000系電車,電車,東武鉄道,東武鉄道,東急車輛製造|アルナ車両|SUBARU,1983-12-22,,,東武10000系電車,Tobu-Series10000 11006.jpg,5,Wikidata Q7811746（2026-10-07取得）
Q7811748,東武30000系電車,電車,東武鉄道,東武鉄道,東急車輛製造|アルナ車両|SUBARU,1997-03-25,,,東武30000系電車,Tobu-Series30000 31604.jpg,5,Wikidata Q7811748（2026-10-07取得）
Q7811749,東武50000系電車,電車,東武鉄道,東武鉄道,日立製作所,2005-03-16,,,東武50000系電車,Series 50000 of Tobu Railway.jpg,7,Wikidata Q7811749（2026-10-07取得）
Q7811750,東武5000系電車,電車,東武鉄道,東武鉄道,,,,,東武5000系電車,Tobu 5155.jpg,3,Wikidata Q7811750（2026-10-07取得）
Q7811752,東武9000系電車,電車,東武鉄道,東武鉄道,東急車輛製造|アルナ車両|SUBARU,,,,東武9000系電車,Tobu-Tojo-Line-Series9101F.jpg,5,Wikidata Q7811752（2026-10-07取得）
Q7813944,営団07系電車,地下鉄車両,東京地下鉄,東京地下鉄|帝都高速度交通営団,川崎車両|日本車輌製造,1993-03-18,,,営団07系電車,Tokyo-Metro Series07R-76.jpg,6,Wikidata Q7813944（2026-10-07取得）
Q7813946,営団08系電車,電車,東京地下鉄,東京地下鉄|帝都高速度交通営団,日本車輌製造,2003-01-07,,,営団08系電車,Tokyo-Metro Series08-102.jpg,7,Wikidata Q7813946（2026-10-07取得）
Q7813947,東京地下鉄10000系電車,電車,東京地下鉄,東京地下鉄,日立製作所,2006-09-01,,,東京メトロ10000系電車,Tokyo-Metro-Series10000 10102.jpg,6,Wikidata Q7813947（2026-10-07取得）
Q7813949,営団8000系電車,電車,,帝都高速度交通営団,川崎重工業,1981,,,営団8000系電車,Tokyo-Metro Series8000-8108.jpg,5,Wikidata Q7813949（2026-10-07取得）
Q7814059,東急5000系電車 (2代),電車,東急電鉄,東急電鉄,総合車両製作所,2002-05-02,,,東急5000系電車 (2代),東急5000系.jpg,6,Wikidata Q7814059（2026-10-07取得）
Q7814060,東急7000系電車,電車,東急電鉄,東急電鉄,総合車両製作所,2007-12-25,,,東急7000系電車 (2代),Tokyu-Series7000-7105F.jpg,5,Wikidata Q7814060（2026-10-07取得）
Q7814061,東急7600系電車,電車,,東急,東急車輛製造,,,,東急7600系電車,Tokyu-7600-2.jpg,3,Wikidata Q7814061（2026-10-07取得）
Q7862752,東葉高速鉄道2000系電車,電車,東葉高速鉄道,東葉高速鉄道,日立製作所,,,,東葉高速鉄道2000系電車,Toyo-Rapid-Railway Series2000-2009.jpg,5,Wikidata Q7862752（2026-10-07取得）
Q8140625,営団06系電車,地下鉄車両,東京地下鉄,東京地下鉄|帝都高速度交通営団,川崎重工業,,,,営団06系電車,Model 06 of Teito Rapid Transit Authority.JPG,6,Wikidata Q8140625（2026-10-07取得）
Q8192453,営団9000系電車,地下鉄車両,東京地下鉄,東京地下鉄|帝都高速度交通営団,川崎重工業,1991-11-29,,,営団9000系電車,Tokyo-Metro-Series9000-Lot-2.jpg,6,Wikidata Q8192453（2026-10-07取得）
Q8265960,新京成電鉄N800形電車,電車,京成電鉄,京成電鉄,日本車輌製造,,,,新京成電鉄N800形電車,Keisei Series N800-N841.jpg,5,Wikidata Q8265960（2026-10-07取得）
Q83955602,首都圏新都市鉄道TX-3000系電車,電車,首都圏新都市鉄道,首都圏新都市鉄道,日立製作所,,,,首都圏新都市鉄道TX-3000系電車,TX Series3000-3685.jpg,6,Wikidata Q83955602（2026-10-07取得）
Q83972684,近鉄80000系電車,電車,近畿日本鉄道,近畿日本鉄道,近畿車輛,2020-03-14,,,近鉄80000系電車,Kintetsu80000-20200202-Ishikiri~Ikoma.jpg,5,Wikidata Q83972684（2026-10-07取得）
Q83974609,JR東海HC85系気動車,気動車,東海旅客鉄道,東海旅客鉄道,日本車輌製造,2022-07-01,,,JR東海HC85系気動車,JR C HC85 D3 Nagoya 20220703.jpg,5,Wikidata Q83974609（2026-10-07取得）
Q842715,JR東日本E331系電車,電車,東日本旅客鉄道,東日本旅客鉄道,川崎重工業,2007-03-18,,,JR東日本E331系電車,E331 Soga 20100503.jpg,5,Wikidata Q842715（2026-10-07取得）
Q842719,JR九州885系電車,電車,九州旅客鉄道,九州旅客鉄道,日立製作所,2000-03-11,,,JR九州885系電車,Series885-Kamome.jpg,6,Wikidata Q842719（2026-10-07取得）
Q842910,国鉄485系電車,電車,東日本旅客鉄道|西日本旅客鉄道|九州旅客鉄道,日本国有鉄道|九州旅客鉄道|西日本旅客鉄道|東日本旅客鉄道,日立製作所,1964-12-25,,,国鉄485系電車,JNR-485-Hitachi.jpg,6,Wikidata Q842910（2026-10-07取得）
Q84307069,新京成電鉄80000形電車,電車,京成電鉄,京成電鉄,日本車輌製造,,,,新京成電鉄80000形電車,Keisei Series80000-80021.jpg,5,Wikidata Q84307069（2026-10-07取得）
Q843140,JR東日本E993系電車,電車,東日本旅客鉄道,東日本旅客鉄道,川崎重工業,,,,JR東日本E993系電車,Jreast e993.jpg,5,Wikidata Q843140（2026-10-07取得）
Q843322,JR東日本E257系電車,電車,東日本旅客鉄道,東日本旅客鉄道,日立製作所,2001-12-01,,,JR東日本E257系電車,JR East E257 Limited Express Azusa.jpg,6,Wikidata Q843322（2026-10-07取得）
Q843325,JR北海道キハ283系気動車,気動車,北海道旅客鉄道,北海道旅客鉄道,SUBARU,,,,JR北海道キハ283系気動車,Kiha-283 Nemuro-Main-Line.jpg,7,Wikidata Q843325（2026-10-07取得）
Q843424,JR東日本E233系電車,電車,東日本旅客鉄道,東日本旅客鉄道,川崎車両|総合車両製作所,2006-12-26,,,JR東日本E233系電車,Series-E233-T71.jpg,10,Wikidata Q843424（2026-10-07取得）
Q843434,JR東日本209系電車,電車,東日本旅客鉄道,東日本旅客鉄道,東日本旅客鉄道,,,,JR東日本209系電車,Keihin-tohoku 209 series.jpg,8,Wikidata Q843434（2026-10-07取得）
Q844237,新幹線955形電車,新幹線,東海旅客鉄道,東海旅客鉄道,日立製作所,,,,新幹線955形電車,300x-955-6.jpg,8,Wikidata Q844237（2026-10-07取得）
Q844806,JR東日本E217系電車,電車,東日本旅客鉄道,東日本旅客鉄道,総合車両製作所,1994-12-03,,,JR東日本E217系電車,Series-E217 Y7.jpg,7,Wikidata Q844806（2026-10-07取得）
Q844882,新幹線500系電車900番台,新幹線,西日本旅客鉄道,西日本旅客鉄道,日立製作所,1992-06-08,,350,新幹線500系電車900番台,JRWest-500-901 (WIN350-1).jpg,9,Wikidata Q844882（2026-10-07取得）
Q845434,国鉄201系電車,電車,東日本旅客鉄道|西日本旅客鉄道,日本国有鉄道|西日本旅客鉄道|東日本旅客鉄道,日立製作所,,,,国鉄201系電車,JRW-Series201R Osaka-Higashi-Line.jpg,6,Wikidata Q845434（2026-10-07取得）
Q845443,JR西日本223系電車,電車,西日本旅客鉄道,西日本旅客鉄道,川崎車両|近畿車輛|日立製作所,,,,JR西日本223系電車,Series223-2000-W15.jpg,6,Wikidata Q845443（2026-10-07取得）
Q845972,京急2100形電車,電車,京浜急行電鉄,京浜急行電鉄,川崎車両|東急車輛製造,1998-03-28,,,京急2100形電車,Keikyu-Type2100-73.jpg,8,Wikidata Q845972（2026-10-07取得）
Q846625,国鉄205系電車,電車,東日本旅客鉄道|西日本旅客鉄道,日本国有鉄道|西日本旅客鉄道|東日本旅客鉄道|富士急行|KAIコミューター,日立製作所,1985-03-25,,,国鉄205系電車,JR205-yokohama-line.JPG,10,Wikidata Q846625（2026-10-07取得）
Q846768,JR西日本321系電車,電車,西日本旅客鉄道,西日本旅客鉄道,近畿車輛,2005-12-01,,,JR西日本321系電車,Series-321-D17 (2021-11-25).jpg,5,Wikidata Q846768（2026-10-07取得）
Q847693,JR西日本207系電車,電車,西日本旅客鉄道,西日本旅客鉄道,後藤総合車両所|川崎車両|近畿車輛|日立製作所,1991-04-30,,,JR西日本207系電車,Series207-1000-S52.jpg,6,Wikidata Q847693（2026-10-07取得）
Q848083,JR東日本E351系電車,電車,東日本旅客鉄道,東日本旅客鉄道,日立製作所,1993-12-23,,,JR東日本E351系電車,JRE-SeriesE351-S1-SuperAzusa.jpg,5,Wikidata Q848083（2026-10-07取得）
Q848902,国鉄207系電車,電車,東日本旅客鉄道,日本国有鉄道|東日本旅客鉄道,東急車輛製造|川崎重工業,1986-11-29,2009-12-05,100,国鉄207系電車,JNR-207-EMU.jpg,6,Wikidata Q848902（2026-10-07取得）
Q848940,東京都交通局5300形電車,電車,東京都,東京都交通局,川崎重工業,1991-03-31,2023-02,,東京都交通局5300形電車,Toei-Type5319-8.jpg,5,Wikidata Q848940（2026-10-07取得）
Q851703,東急8500系電車,電車,東急電鉄,東急電鉄,総合車両製作所,,,,東急8500系電車,Tokyu8500series 8606F.jpg,6,Wikidata Q851703（2026-10-07取得）
Q85758123,JR東日本E261系電車,電車,東日本旅客鉄道,東日本旅客鉄道,日立製作所|川崎車両,2020-03,,,JR東日本E261系電車,SeriesE261-RS2.jpg,6,Wikidata Q85758123（2026-10-07取得）
Q857817,国鉄111系・113系電車,電車,東海旅客鉄道|東日本旅客鉄道|西日本旅客鉄道|四国旅客鉄道,日本国有鉄道|四国旅客鉄道|西日本旅客鉄道|東日本旅客鉄道|東海旅客鉄道,日本車輌製造,,,100,国鉄113系電車,113 series K60 Acty Ofuna 20030630 fixed.jpg,7,Wikidata Q857817（2026-10-07取得）
Q858347,営団03系電車,地下鉄車両,東京地下鉄,東京地下鉄|帝都高速度交通営団,川崎重工業,1988-07-01,2020-02-28,,営団03系電車,Metro-03series.jpg,7,Wikidata Q858347（2026-10-07取得）
Q859003,JR東日本253系電車,電車,東日本旅客鉄道,東日本旅客鉄道,近畿車輛,1991-03-19,,130,JR東日本253系電車,253 series 20080601.jpg,7,Wikidata Q859003（2026-10-07取得）
Q859810,東京臨海高速鉄道70-000形電車,電車,東京臨海高速鉄道,東京臨海高速鉄道,川崎車両,,,,東京臨海高速鉄道70-000形電車,Rinkai-line Series70-000 70-030.jpg,6,Wikidata Q859810（2026-10-07取得）
Q861787,国鉄211系電車,電車,東海旅客鉄道|東日本旅客鉄道|西日本旅客鉄道,西日本旅客鉄道|東海旅客鉄道|東日本旅客鉄道,日立製作所,1986-02-16,,110,国鉄211系電車,JRE 211.png,7,Wikidata Q861787（2026-10-07取得）
Q863417,JR東日本E259系電車,電車,東日本旅客鉄道,東日本旅客鉄道,近畿車輛,2009-10-01,,130,JR東日本E259系電車,E259系 Ne001編成(新塗装)6両によるしおさい1号銚子行。小岩駅にて.jpg,7,Wikidata Q863417（2026-10-07取得）
Q863629,小田急50000形電車,電車,小田急電鉄,小田急電鉄,日本車輌製造,2005-03-19,2023-12-10,,小田急50000形電車,Odakyu.type50000.jpg,6,Wikidata Q863629（2026-10-07取得）
Q865202,JR東海383系電車,電車,東海旅客鉄道,東海旅客鉄道,日立製作所,1995-05,,,JR東海383系電車,CentralJapanRailwayCompanyType383-02.jpg,6,Wikidata Q865202（2026-10-07取得）
Q865951,国鉄203系電車,電車,東日本旅客鉄道,日本国有鉄道|東日本旅客鉄道,川崎重工業,,,,国鉄203系電車,Model 203 of JNR.jpg,6,Wikidata Q865951（2026-10-07取得）
Q86964377,新幹線E8系電車,新幹線,東日本旅客鉄道,東日本旅客鉄道,川崎重工業,2024,,,新幹線E8系電車,Shinkansen E8 series test.jpg,11,Wikidata Q86964377（2026-10-07取得）
Q873063,東京都交通局6300形電車,地下鉄車両,東京都,東京都交通局,川崎車両,1993-06-23,,,東京都交通局6300形電車,Toei-Type6300 6301.jpg,5,Wikidata Q873063（2026-10-07取得）
Q874029,富士急行6000系電車,電車,富士山麓電気鉄道,富士急行|富士山麓電気鉄道,,2012-02-29,,,富士急行6000系電車,Fuji kyuko 6000 yamano-susume-go 20140830 002.jpg,5,Wikidata Q874029（2026-10-07取得）
Q88850346,小田急5000形電車,電車,小田急電鉄,小田急電鉄,川崎車両|総合車両製作所|日本車輌製造,2020-03-26,,,小田急5000形電車 (2代),OER-Series5000-5451.jpg,6,Wikidata Q88850346（2026-10-07取得）
Q898587,東京都交通局10-000形電車,地下鉄車両,東京都,東京都交通局,日本車輌製造,1978,,,東京都交通局10-000形電車,Toei Type10-000 10-240.jpg,5,Wikidata Q898587（2026-10-07取得）
Q898873,東京都交通局12-000形電車,電車,東京都,東京都交通局,日本車輌製造|日立製作所,1991,,,東京都交通局12-000形電車,Toei-subway 12-301.jpg,6,Wikidata Q898873（2026-10-07取得）
Q906839,国鉄103系電車,電車,東海旅客鉄道|東日本旅客鉄道|西日本旅客鉄道|九州旅客鉄道,日本国有鉄道|九州旅客鉄道|西日本旅客鉄道|東海旅客鉄道|東日本旅客鉄道,日立製作所,,,,国鉄103系電車,Series103 LA4.jpg,6,Wikidata Q906839（2026-10-07取得）
Q927319,新幹線700系電車,新幹線,東海旅客鉄道,東海旅客鉄道,日立製作所,,,,新幹線700系電車,JR Central Shinkansen 700.jpg,17,Wikidata Q927319（2026-10-07取得）
Q930406,新幹線500系電車,新幹線,西日本旅客鉄道,西日本旅客鉄道,日立製作所,1997-03,,,新幹線500系電車,Shinkansen 500 series W2 formation.jpg,21,Wikidata Q930406（2026-10-07取得）
Q95552051,東京メトロ17000系電車,地下鉄車両,東京地下鉄,東京地下鉄,日立製作所|近畿車輛,2021-02-21,,,東京メトロ17000系電車,Tokyo-Metro-Series17000 17105.jpg,6,Wikidata Q95552051（2026-10-07取得）
Q957322,新幹線E5系電車,新幹線,東日本旅客鉄道,東日本旅客鉄道,川崎重工業|日立製作所,2011-03-05,,320,新幹線E5系・H5系電車,Series-E5-U15 Yamabiko-50.jpg,18,Wikidata Q957322（2026-10-07取得）
Q96193648,JR東日本E131系電車,電車,東日本旅客鉄道,東日本旅客鉄道,総合車両製作所,2021-03-13,,,JR東日本E131系電車,Series-E131-R06.jpg,6,Wikidata Q96193648（2026-10-07取得）
Q96473496,名鉄キハ10形気動車,気動車,名古屋鉄道,名古屋鉄道,SUBARU,,,,名鉄キハ10形気動車,Meitetsu-DC-10.jpg,3,Wikidata Q96473496（2026-10-07取得）
Q97348232,近鉄12200系電車,電車,近畿日本鉄道,近畿日本鉄道,,,,,近鉄12200系電車,KINTETSU12200 12249F.JPG,4,Wikidata Q97348232（2026-10-07取得）
Q98082857,近江鉄道300形電車,電車,近江鉄道,近江鉄道,,,,,近江鉄道300形電車,Ohmi 1301 Musa 20200825.jpg,3,Wikidata Q98082857（2026-10-07取得）
Q98172474,新幹線N700S系電車,新幹線,東海旅客鉄道|西日本旅客鉄道|九州旅客鉄道,九州旅客鉄道|西日本旅客鉄道|東海旅客鉄道,日立製作所|日本車輌製造,,,,新幹線N700S系電車,Series-N700S-J2.jpg,8,Wikidata Q98172474（2026-10-07取得）
Q99943483,東京メトロ18000系電車,地下鉄車両,東京地下鉄,東京地下鉄,,,,,東京メトロ18000系電車,Tokyo-Metro Series18000-18102 Test-Run.jpg,6,Wikidata Q99943483（2026-10-07取得）
