company,qid,label,wp,image,inception,headquarters,website,source
IRいしかわ鉄道,Q11585936,IRいしかわ鉄道,IRいしかわ鉄道,Ir ishikawa headquarter building.png,2012-08-28,金沢市,http://ishikawa-railway.jp/,Wikidata Q11585936（2026-10-08取得）
JR東海交通事業,Q7862679,JR東海交通事業,JR東海交通事業,TKJ Headquarter 20150620-02.jpg,1988-02-18,八筋町,https://www.tkj-i.co.jp/,Wikidata Q7862679（2026-10-08取得）
WILLER　TRAINS,Q19727758,WILLER TRAINS,WILLER TRAINS,,2014-07-14,宮津駅,https://trains.willer.co.jp/,Wikidata Q19727758（2026-10-08取得）
アイジーアールいわて銀河鉄道,Q5371026,IGRいわて銀河鉄道,IGRいわて銀河鉄道,Iwate Galaxy Railway headquarters.jpg,2001-05-25,青山駅,https://igr.jp/,Wikidata Q5371026（2026-10-08取得）
あいの風とやま鉄道,Q11456453,あいの風とやま鉄道,あいの風とやま鉄道,Ainokaze Toyama Railway headquarters building.jpg,2012-07-24,富山市,https://ainokaze.co.jp/,Wikidata Q11456453（2026-10-08取得）
アルピコ交通,Q4735443,アルピコ交通,アルピコ交通,Alpico Holdings Head Office.jpg,1920-05-29,井川城,https://www.alpico.co.jp/traffic/,Wikidata Q4735443（2026-10-08取得）
いすみ鉄道,Q11259268,いすみ鉄道,いすみ鉄道,Isumi Railway Head Office.JPG,1987-07-07,大多喜駅,https://www.isumirail.co.jp/,Wikidata Q11259268（2026-10-08取得）
えちごトキめき鉄道,Q11260966,えちごトキめき鉄道,えちごトキめき鉄道,Tokimekitetsudou.jpg,2010-11-22,直江津駅,https://www.echigo-tokimeki.co.jp/,Wikidata Q11260966（2026-10-08取得）
えちぜん鉄道,Q1007890,えちぜん鉄道,えちぜん鉄道,Echizen Railway01bs3200.jpg,2002-09-17,福井市,https://www.echizen-tetudo.co.jp/,Wikidata Q1007890（2026-10-08取得）
くま川鉄道,Q8194074,くま川鉄道,くま川鉄道,"Kumagawa Rail Road Co., Ltd (cropped).jpg",1989-04-26,,https://www.kumagawa-rail.com/,Wikidata Q8194074（2026-10-08取得）
こうべ未来都市機構,Q11237259,こうべ未来都市機構,こうべ未来都市機構,,1977-08-02,神戸市,https://www.kfcc.co.jp/,Wikidata Q11237259（2026-10-08取得）
しなの鉄道,Q11254401,しなの鉄道,しなの鉄道,Shinano railway 169 S51+S52+S53.JPG,1996-05-01,上田市,https://www.shinanorailway.co.jp/,Wikidata Q11254401（2026-10-08取得）
とさでん交通,Q3537118,とさでん交通,とさでん交通,Tosadentetsu Harimayabashi crossing.jpg,2014-10-01,高知市,https://www.tosaden.co.jp/,Wikidata Q3537118（2026-10-08取得）
のと鉄道,Q7063103,のと鉄道,のと鉄道,Head office of NotoTetudou Corporation.jpg,1987-04-30,穴水町,http://www.nototetsu.co.jp/,Wikidata Q7063103（2026-10-08取得）
ハピラインふくい,Q86733715,ハピラインふくい,ハピラインふくい,,2019-08-13,福井市,https://www.hapi-line.co.jp,Wikidata Q86733715（2026-10-08取得）
ひたちなか海浜鉄道,Q11276223,ひたちなか海浜鉄道,ひたちなか海浜鉄道,,2008-04-01,那珂湊駅,http://www.hitachinaka-rail.co.jp/,Wikidata Q11276223（2026-10-08取得）
ゆりかもめ,Q11264508,ゆりかもめ,ゆりかもめ (企業),"Yurikamome headquarters, at Ariake, Koto, Tokyo (2019-01-01) 02.jpg",1988-04-25,有明,https://www.yurikamome.co.jp/,Wikidata Q11264508（2026-10-08取得）
ラクテンチ,Q11346676,ラクテンチ,ラクテンチ,Beppu rakutenchi.jpg,,,https://rakutenchi.jp/,Wikidata Q11346676（2026-10-08取得）
わたらせ渓谷鐵道,Q11281889,わたらせ渓谷鐵道,わたらせ渓谷鐵道,大間々駅 駅舎(2023年8月).jpg,1988-10-25,大間々駅,https://www.watetsu.com/,Wikidata Q11281889（2026-10-08取得）
阿佐海岸鉄道,Q11657221,阿佐海岸鉄道,阿佐海岸鉄道,,1988-09-09,,https://asatetu.com/,Wikidata Q11657221（2026-10-08取得）
阿武隈急行,Q4670567,阿武隈急行,阿武隈急行,Abukumakyuko-A8100.JPG,1984-04-05,伊達市,http://www.abukyu.co.jp/,Wikidata Q4670567（2026-10-08取得）
愛知環状鉄道,Q11494075,愛知環状鉄道,愛知環状鉄道,Aichi-Loop-Line-Head-Office-001.jpg,1986-09-19,北野桝塚駅,https://www.aikanrailway.co.jp/,Wikidata Q11494075（2026-10-08取得）
愛知高速交通,Q11073857,愛知高速交通,愛知高速交通,Aichi Rapid Transit Co Ltd.JPG,2000-02-07,陶磁資料館南駅,https://www.linimo.jp/index.html,Wikidata Q11073857（2026-10-08取得）
鞍馬寺,Q608668,鞍馬寺,鞍馬寺,Kurama-dera sanmon.jpg,0796,,https://www.kuramadera.or.jp/,Wikidata Q608668（2026-10-08取得）
伊賀鉄道,Q10885131,伊賀鉄道,伊賀鉄道,"Ueno""Ninja""shi-Station1.jpg",2007-03-26,上野市駅,https://www.igatetsu.co.jp/,Wikidata Q10885131（2026-10-08取得）
伊勢鉄道,Q11379148,伊勢鉄道,伊勢鉄道,Ise Railway Headquarters 20120115.jpg,1986-10-01,玉垣駅,http://www.isetetu.co.jp/,Wikidata Q11379148（2026-10-08取得）
伊豆急行,Q5362418,伊豆急行,伊豆急行,,1959-04-11,伊豆高原駅,https://www.izukyu.co.jp/,Wikidata Q5362418（2026-10-08取得）
伊豆箱根鉄道,Q864568,伊豆箱根鉄道,伊豆箱根鉄道,Izuhakone Railway Head Office.JPG,1916-12-07,三島市,https://www.izuhakone.co.jp/,Wikidata Q864568（2026-10-08取得）
伊予鉄道,Q3138970,伊予鉄道,伊予鉄道,IyoRailway-Otemachi.jpg,1887-09-14,松山市,https://www.iyotetsu.co.jp/,Wikidata Q3138970（2026-10-08取得）
井原鉄道,Q11373397,井原鉄道,井原鉄道,,1986-12-01,早雲の里荏原駅,https://www.ibara-railway.co.jp/,Wikidata Q11373397（2026-10-08取得）
一畑電車,Q128426,一畑電車,一畑電車,Unshu-Hirata stn.jpg,2006-04-01,雲州平田駅,https://www.ichibata.co.jp/railway/,Wikidata Q128426（2026-10-08取得）
宇都宮ライトレール,Q22129540,宇都宮ライトレール,宇都宮ライトレール,Utsunomiya Light Rail Headquarters Office.jpg,2015-11-09,宇都宮市,https://www.miyarail.co.jp/,Wikidata Q22129540（2026-10-08取得）
叡山電鉄,Q5350084,叡山電鉄,叡山電鉄,Eiden 900 Series 01.jpg,1985-07-06,修学院駅,https://eizandensha.co.jp/,Wikidata Q5350084（2026-10-08取得）
遠州鉄道,Q9286431,遠州鉄道,遠州鉄道,Enshu-RW series1000.jpg,1943-11-01,中区,https://vn.entetsu.co.jp/,Wikidata Q9286431（2026-10-08取得）
横浜シーサイドライン,Q11262864,横浜シーサイドライン,横浜シーサイドライン,Namiki-chuo station entrance 1 201001.jpg,1983-04-22,並木中央駅,https://www.seasideline.co.jp/company/,Wikidata Q11262864（2026-10-08取得）
横浜高速鉄道,Q906967,横浜高速鉄道,横浜高速鉄道,Yokohama Minatomirai Railway Company.jpg,1989-03-29,元町,https://www.mm21railway.co.jp/info/corpo/,Wikidata Q906967（2026-10-08取得）
横浜市,Q8015416,横浜市交通局,横浜市交通局,Yokohama Subway 3000V series 3616F 20191228.jpg,1921-04-01,横浜市役所,https://www.city.yokohama.lg.jp/kotsu/,Wikidata Q8015416（2026-10-08取得）
岡山電気軌道,Q860466,岡山電気軌道,岡山電気軌道,Okayama Electric Tramway 9200.jpg,1910-05-21,中区,https://www.okayama-kido.co.jp/,Wikidata Q860466（2026-10-08取得）
沖縄都市モノレール,Q11553015,沖縄都市モノレール,沖縄都市モノレール,,1982-09-27,沖縄県,https://www.yui-rail.co.jp/,Wikidata Q11553015（2026-10-08取得）
会津鉄道,Q867040,会津鉄道,会津鉄道,Yunokami-Onsen Station 001.JPG,1986-11-10,会津若松市,https://www.aizutetsudo.jp/,Wikidata Q867040（2026-10-08取得）
岳南電車,Q24900041,岳南電車,岳南電車,Gakunan Railway Company Ltd.jpg,2013-04-01,富士市,https://www.gakutetsu.jp/,Wikidata Q24900041（2026-10-08取得）
甘木鉄道,Q11574278,甘木鉄道,甘木鉄道,Amatetsu Amagi Station.jpg,1985-07-11,甘木駅,https://www.amatetsu.jp/,Wikidata Q11574278（2026-10-08取得）
関東鉄道,Q845943,関東鉄道,関東鉄道,Kantetsu head office 2013.jpg,1922-09-03,真鍋,https://www.kantetsu.co.jp/,Wikidata Q845943（2026-10-08取得）
紀州鉄道,Q11605052,紀州鉄道,紀州鉄道,Kitetsu.jpg,1928-12-24,日本橋箱崎町,http://www.kitetsu.co.jp/,Wikidata Q11605052（2026-10-08取得）
京王電鉄,Q1332506,京王電鉄,京王電鉄,Keio hq.jpg,1948-06-01,関戸,https://www.keio.co.jp,Wikidata Q1332506（2026-10-08取得）
京阪電気鉄道,Q1188274,京阪電気鉄道,京阪電気鉄道,,1906-11-19,大阪マーチャンダイズ・マートビル,https://www.keihan.co.jp/,Wikidata Q1188274（2026-10-08取得）
京成電鉄,Q83538,京成電鉄,京成電鉄,"Keisei Electric Railway, new headquarters 20130917-1.jpg",1909-06-30,八幡,https://www.keisei.co.jp/,Wikidata Q83538（2026-10-08取得）
京都市,Q728081,京都市営地下鉄,京都市営地下鉄,Kyoto Subway 1117.JPG,1981,,https://www.city.kyoto.lg.jp/kotsu/category/166-0-0-0-0-0-0-0-0-0.html,Wikidata Q728081（2026-10-08取得）
京浜急行電鉄,Q1322206,京浜急行電鉄,京浜急行電鉄,Keikyu Headquarters.jpg,1898-02-25,京急グループ本社,https://www.keikyu.co.jp/,Wikidata Q1322206（2026-10-08取得）
京福電気鉄道,Q3537126,京福電気鉄道,京福電気鉄道,Randen cherry blossom.jpg,1942-03-02,壬生,https://www.keifuku.co.jp/,Wikidata Q3537126（2026-10-08取得）
錦川鉄道,Q11650435,錦川鉄道,錦川鉄道,,1987-04-01,錦町駅,http://nishikigawa.com/,Wikidata Q11650435（2026-10-08取得）
近畿日本鉄道,Q1531085,近畿日本鉄道,近畿日本鉄道,Kintetsu 50000 series at Tsuruhashi Station 2019-11-17 (49925908647).jpg,1910-09-16,大阪上本町駅,https://www.kintetsu.co.jp/,Wikidata Q1531085（2026-10-08取得）
近江鉄道,Q3276327,近江鉄道,近江鉄道,,1896-06-16,彦根市,https://www.ohmitetudo.co.jp/,Wikidata Q3276327（2026-10-08取得）
九州旅客鉄道,Q498366,九州旅客鉄道,九州旅客鉄道,Hakata Station Business Center Building.JPG,1987-04-01,博多区,https://www.jrkyushu.co.jp/,Wikidata Q498366（2026-10-08取得）
熊本市,Q900963,熊本市交通局,熊本市交通局,KumamotoCityTram 9700.JPG,,大江,http://www.kotsu-kumamoto.jp/,Wikidata Q900963（2026-10-08取得）
熊本電気鉄道,Q5357168,熊本電気鉄道,熊本電気鉄道,Kumamoto Railway 5000 Blue color.JPG,1909-08-15,黒髪,https://www.kumamotodentetsu.co.jp/,Wikidata Q5357168（2026-10-08取得）
広島高速交通,Q847896,広島高速交通,広島高速交通,Hiroshima Rapid Transit head office 20200826-1.JPG,1987-12-01,長楽寺,http://www.astramline.co.jp/outline7.html,Wikidata Q847896（2026-10-08取得）
広島電鉄,Q1196530,広島電鉄の路線網,,Hiroden-5100-2.jpg,,,https://www.hiroden.co.jp/en/,Wikidata Q1196530（2026-10-08取得）
弘南鉄道,Q11487321,弘南鉄道,弘南鉄道,Hiraka Station 20220821b.jpg,1926-03-27,平賀駅,https://konantetsudo.jp/,Wikidata Q11487321（2026-10-08取得）
江ノ島電鉄,Q250760,江ノ島電鉄,江ノ島電鉄,Enoden-Type1052.jpg,1926-07-10,片瀬海岸,https://www.enoden.co.jp/,Wikidata Q250760（2026-10-08取得）
高松琴平電気鉄道,Q566998,高松琴平電気鉄道,高松琴平電気鉄道,Takamatsu-Kotohira Electric Railroad Linemap.svg,1943-11-01,栗林町,https://www.kotoden.co.jp/,Wikidata Q566998（2026-10-08取得）
高尾登山電鉄,Q7677245,高尾登山電鉄,高尾登山電鉄,Takao Mountain Railroad-2.jpg,1921-09-29,清滝駅,https://www.takaotozan.co.jp/,Wikidata Q7677245（2026-10-08取得）
黒部峡谷鉄道,Q6446262,黒部峡谷鉄道,黒部峡谷鉄道,Kurobe Gorge Railway 07.jpg,1971-05-04,黒部市,https://www.kurotetu.co.jp/,Wikidata Q6446262（2026-10-08取得）
嵯峨野観光鉄道,Q50187147,嵯峨野観光鉄道,嵯峨野観光鉄道,Sagano Scenic Railway logo.svg,1990-11-14,トロッコ嵯峨駅,http://www.sagano-kanko.co.jp/corp.php,Wikidata Q50187147（2026-10-08取得）
阪急電鉄,Q473058,阪急電鉄,阪急電鉄,Hankyu-Series1000-1110.jpg,1907-10-19,,https://www.hankyu.co.jp/,Wikidata Q473058（2026-10-08取得）
阪堺電気軌道,Q2069534,阪堺電気軌道,阪堺電気軌道,Headquarters of Hankai Tramway IMG 3241 20130518.JPG,1980-07-07,清水丘,https://www.hankai.co.jp/,Wikidata Q2069534（2026-10-08取得）
阪神電気鉄道,Q1140781,阪神電気鉄道,阪神電気鉄道,"Headquarters of Hanshin Electric Railway Co., Ltd.JPG",1899-06-12,海老江,https://www.hanshin.co.jp/,Wikidata Q1140781（2026-10-08取得）
埼玉高速鉄道,Q8013048,埼玉高速鉄道,埼玉高速鉄道,浦和美園駅東口2015.JPG,1992-03-25,浦和美園駅,https://www.s-rail.co.jp/english/,Wikidata Q8013048（2026-10-08取得）
埼玉新都市交通,Q11248603,埼玉新都市交通,埼玉新都市交通,Saitama New Urban Transit Headquarters 20190520.jpg,1980-04-01,丸山駅,https://www.new-shuttle.jp/,Wikidata Q11248603（2026-10-08取得）
札幌市,Q736098,札幌市営地下鉄,札幌市営地下鉄,ST SN5000 20061102 001.jpg,1971,,http://www.city.sapporo.jp/st/index.html,Wikidata Q736098（2026-10-08取得）
皿倉登山鉄道,Q11480880,皿倉登山鉄道,皿倉登山鉄道,,1957-03-01,八幡東区,http://www.sarakurayama-cablecar.co.jp/,Wikidata Q11480880（2026-10-08取得）
三岐鉄道,Q7418001,三岐鉄道,三岐鉄道,Sangi railway head office 20250417 154516.jpg,1928-09-20,富田地区,https://www.sangirail.co.jp/,Wikidata Q7418001（2026-10-08取得）
三陸鉄道,Q7418928,三陸鉄道,三陸鉄道,Sirai36.jpg,1981-11-10,宮古市,https://www.sanrikutetsudou.com/,Wikidata Q7418928（2026-10-08取得）
山形鉄道,Q11045417,山形鉄道,山形鉄道,Yamagatarailway YR-888.jpg,1988-04-20,長井市,https://flower-liner.jp/,Wikidata Q11045417（2026-10-08取得）
山万,Q11465832,山万,山万,Yamaman.jpg,1951-02-20,東京都,https://yamaman.co.jp/,Wikidata Q11465832（2026-10-08取得）
山陽電気鉄道,Q2245513,山陽電気鉄道,山陽電気鉄道,Sanyo electric railway logo.svg,1933-06-06,長田区,http://www.sanyo-railway.co.jp/,Wikidata Q2245513（2026-10-08取得）
四国ケーブル,Q7496602,四国ケーブル,四国ケーブル,,1964-06-26,八栗登山口駅,http://www.shikoku-cable.co.jp/,Wikidata Q7496602（2026-10-08取得）
四国旅客鉄道,Q496531,四国旅客鉄道,四国旅客鉄道,Shikoku Railway Company Office.jpg,1987-04-01,浜ノ町,https://www.jr-shikoku.co.jp/,Wikidata Q496531（2026-10-08取得）
四日市あすなろう鉄道,Q17211160,四日市あすなろう鉄道,四日市あすなろう鉄道,Kintetsu260-114.JPG,2014-03-27,四日市市,https://www.yar.co.jp/,Wikidata Q17211160（2026-10-08取得）
鹿児島市,Q3537114,鹿児島市交通局,鹿児島市交通局,Kagoshima City Transportation Bureau.JPG,1928-07-01,上荒田町,https://www.kotsu-city-kagoshima.jp/,Wikidata Q3537114（2026-10-08取得）
鹿島臨海鉄道,Q5370740,鹿島臨海鉄道,鹿島臨海鉄道,Kashima-rinkai-tetsudo-oarai-station.jpg,1969-04-01,大洗駅,https://www.rintetsu.co.jp/,Wikidata Q5370740（2026-10-08取得）
芝山鉄道,Q1104545,芝山鉄道,芝山鉄道,Shibayama Railway 3600 series 3668F.jpg,1981-05-01,芝山千代田駅,https://www.sibatetu.co.jp/,Wikidata Q1104545（2026-10-08取得）
若桜鉄道,Q11616555,若桜鉄道,若桜鉄道,Wakasa sta01s4592.jpg,1987-08-06,若桜駅,https://wakatetsu.co.jp/,Wikidata Q11616555（2026-10-08取得）
首都圏新都市鉄道,Q841227,首都圏新都市鉄道,首都圏新都市鉄道,JEBL AKIHABARA SQUARE.jpg,1991-03-15,神田練塀町,https://www.mir.co.jp/,Wikidata Q841227（2026-10-08取得）
秋田内陸縦貫鉄道,Q11595259,秋田内陸縦貫鉄道,秋田内陸縦貫鉄道,Akita Nairiku Jūkan Railway Corporation Head office 2016.jpg,1984-10-31,北秋田市,https://www.akita-nairiku.com/,Wikidata Q11595259（2026-10-08取得）
小田急電鉄,Q83584,小田急電鉄,小田急電鉄,Odakyu Ebina Headquarters.jpg,1923-05-01,,https://www.odakyu.jp/,Wikidata Q83584（2026-10-08取得）
小田急箱根,Q604174,小田急箱根,小田急箱根,Odakyu Hakone logo.svg,2004-10-01,小田急箱根ビル,https://www.odakyu-hakone.jp/,Wikidata Q604174（2026-10-08取得）
小湊鐵道,Q17230959,小湊鐵道,小湊鉄道,Kominato Railway Headquarters.JPG,1917-05-19,五井中央東,https://www.kominato.co.jp/,Wikidata Q17230959（2026-10-08取得）
松浦鉄道,Q6788223,松浦鉄道,松浦鉄道,Port Entrance of Sasebo Station 20190103-2.jpg,1987-12-10,佐世保市,https://matutetu.com/,Wikidata Q6788223（2026-10-08取得）
湘南モノレール,Q1359773,湘南モノレール,湘南モノレール,MonorailShonan.JPG,1966-04-11,常盤,https://www.shonan-monorail.co.jp/,Wikidata Q1359773（2026-10-08取得）
上信電鉄,Q9673551,上信電鉄,上信電鉄,Joushindenetsushaoku.jpg,1895-12-27,高崎市,https://www.joshin-dentetsu.co.jp/,Wikidata Q9673551（2026-10-08取得）
上田電鉄,Q11263296,上田交通,上田交通,Mimaki10041104.jpg,1916-09-17,上田市,http://www.ukg.co.jp/,Wikidata Q11263296（2026-10-08取得）
上毛電気鉄道,Q11359477,上毛電気鉄道,上毛電気鉄道,Jomodentetsuhonsha.jpg,1926-05-27,中央前橋駅,https://www.jomorailway.com/,Wikidata Q11359477（2026-10-08取得）
信楽高原鐵道,Q7496306,信楽高原鐵道,信楽高原鐵道,071020 Shigaraki Station Koga Shiga pref Japan01s5.jpg,1987-02-10,信楽駅,https://koka-skr.co.jp/,Wikidata Q7496306（2026-10-08取得）
真岡鐵道,Q11240879,真岡鐵道,真岡鐵道,JNR C12 66 20101002 001.jpg,1987-10-20,真岡駅,https://www.moka-railway.co.jp/,Wikidata Q11240879（2026-10-08取得）
神戸市,Q5370905,神戸市交通局,神戸市交通局,,1917-08-01,兵庫区,https://www.city.kobe.lg.jp/kurashi/access/kotsukyoku/,Wikidata Q5370905（2026-10-08取得）
神戸新交通,Q5366038,神戸新交通,神戸新交通,,1977-07-18,港島,https://www.knt-liner.co.jp/,Wikidata Q5366038（2026-10-08取得）
神戸電鉄,Q836658,神戸電鉄,神戸電鉄,神戸電鉄本社ビル.JPG,1926-03-27,新開地,https://www.shintetsu.co.jp/,Wikidata Q836658（2026-10-08取得）
水間鉄道,Q11549509,水間鉄道,水間鉄道,Mizuma7050Series01.jpg,1924-04-17,貝塚市,https://www.suitetsu.com/,Wikidata Q11549509（2026-10-08取得）
水島臨海鉄道,Q6884901,水島臨海鉄道,水島臨海鉄道,Mizushima Rinkai Tetsudo - honten.jpg,1970-02-02,水島,http://www.mizurin.co.jp/,Wikidata Q6884901（2026-10-08取得）
西日本鉄道,Q869251,西日本鉄道,西日本鉄道,,1908-12-17,博多区,http://www.nishitetsu.co.jp,Wikidata Q869251（2026-10-08取得）
西日本旅客鉄道,Q502125,西日本旅客鉄道,西日本旅客鉄道,Series221-51.jpg,1987-04-01,JR西日本本社ビル,https://www.westjr.co.jp/,Wikidata Q502125（2026-10-08取得）
西武鉄道,Q83543,西武鉄道,西武鉄道,"Seibu Group buildings Kusunoki, Tokorozawa, Saitama pref, Japan 2007-03-29.jpg",1894-12-21,,https://www.seiburailway.jp/,Wikidata Q83543（2026-10-08取得）
青い森鉄道,Q5352951,青い森鉄道,青い森鉄道,Aoimori Railway Head Office.JPG,2001-05-25,青森市,https://aoimorirailway.com/,Wikidata Q5352951（2026-10-08取得）
静岡鉄道,Q5362040,静岡鉄道,静岡鉄道,,1919-05-01,葵区,https://www.shizutetsu.co.jp/,Wikidata Q5362040（2026-10-08取得）
仙台空港鉄道,Q842034,仙台空港鉄道,仙台空港鉄道,SAT-721.JPG,2000-04-07,杜せきのした駅,https://www.senat.co.jp/,Wikidata Q842034（2026-10-08取得）
仙台市,Q5359578,仙台市交通局,仙台市交通局,Sendai City Transportation Bureau cropped.jpg,1926-11-25,青葉区,https://www.kotsu.city.sendai.jp/,Wikidata Q5359578（2026-10-08取得）
千葉都市モノレール,Q860578,千葉都市モノレール,千葉都市モノレール,ChibaUrbanMonorail016-015.jpeg,1979-03-20,稲毛区,https://chiba-monorail.co.jp/,Wikidata Q860578（2026-10-08取得）
相模鉄道,Q845951,相模鉄道,相模鉄道,Sotetsu HQ Building.jpg,1964-11-24,北幸,https://www.sotetsu.co.jp/train/,Wikidata Q845951（2026-10-08取得）
多摩都市モノレール,Q10856329,多摩都市モノレール,多摩都市モノレール,Tokyo Tama Intercity Monorail 1000 Series 1106F set.jpg,1986-04-08,泉町,https://www.tama-monorail.co.jp/,Wikidata Q10856329（2026-10-08取得）
大井川鐵道,Q842075,大井川鐵道,大井川鐵道,"Shin-Kanaya sta.,Shimada-city,Japan.jpg",1917-05-19,新金谷駅,https://daitetsu.jp/,Wikidata Q842075（2026-10-08取得）
大阪モノレール,Q1903962,大阪モノレール,大阪モノレール,Osaka Monorail 1121.jpg,1980-12-15,吹田市,http://www.osaka-monorail.co.jp/,Wikidata Q1903962（2026-10-08取得）
大阪市高速電気軌道,Q51211653,大阪市高速電気軌道,,Osaka Municipal Transportation Bureau Main office.jpg,2017-06-01,九条南,https://www.osakametro.co.jp/,Wikidata Q51211653（2026-10-08取得）
大山観光電鉄,Q11434695,大山観光電鉄,大山観光電鉄,,1950-07-21,伊勢原市,https://www.ooyama-cable.co.jp/,Wikidata Q11434695（2026-10-08取得）
樽見鉄道,Q11543718,樽見鉄道,樽見鉄道,樽見鉄道 本巣駅02.jpg,1984-02-01,本巣駅,https://tarumi-railway.com/,Wikidata Q11543718（2026-10-08取得）
丹後海陸交通,Q11368524,丹後海陸交通,丹後海陸交通,,1944-02-14,与謝野町,https://www.tankai.jp/,Wikidata Q11368524（2026-10-08取得）
智頭急行,Q4133832,智頭急行,智頭急行,Chizu Express-HOT7000DC.jpg,1986-05-31,智頭町,http://www.chizukyu.co.jp/,Wikidata Q4133832（2026-10-08取得）
筑波観光鉄道,Q11602894,筑波観光鉄道,筑波観光鉄道,,1923-04-04,筑波,http://www.mt-tsukuba.com/,Wikidata Q11602894（2026-10-08取得）
筑豊電気鉄道,Q11272713,筑豊電気鉄道,筑豊電気鉄道,,1951-02-15,中間市,http://www.chikutetsu.co.jp/,Wikidata Q11272713（2026-10-08取得）
秩父鉄道,Q843780,秩父鉄道,秩父鉄道,Chichibutetsudohonsha.jpg,1899-11-08,曙町,https://www.chichibu-railway.co.jp/,Wikidata Q843780（2026-10-08取得）
銚子電気鉄道,Q5368807,銚子電気鉄道,銚子電気鉄道,Nakanocho Station Exterior 2018.jpg,1922-10-10,仲ノ町駅,https://www.choshi-dentetsu.jp/,Wikidata Q5368807（2026-10-08取得）
長崎電気軌道,Q901485,長崎電気軌道,長崎電気軌道,Nagasaki Electric Tramway head office.png,1914-08-02,長崎市,http://www.naga-den.com/,Wikidata Q901485（2026-10-08取得）
長野電鉄,Q6958437,長野電鉄,長野電鉄,Gondo East Plaza.jpg,1926,権堂町,https://www.nagaden-net.co.jp/,Wikidata Q6958437（2026-10-08取得）
長良川鉄道,Q11653637,長良川鉄道,長良川鉄道,Nagatetuoffice.JPG,1986-08-28,関駅,http://www.nagatetsu.co.jp/,Wikidata Q11653637（2026-10-08取得）
津軽鉄道,Q17215199,津軽鉄道,津軽鉄道,140914 Tsugaru Railway Goshogawara Aomori pref Japan02n.jpg,1928-02-24,五所川原駅,https://tsutetsu.com/,Wikidata Q17215199（2026-10-08取得）
天竜浜名湖鉄道,Q11234491,天竜浜名湖鉄道,天竜浜名湖鉄道,Tenryu-futamata sta.jpg,1986-08-18,天竜二俣駅,https://www.tenhama.co.jp/,Wikidata Q11234491（2026-10-08取得）
土佐くろしお鉄道,Q7827542,土佐くろしお鉄道,土佐くろしお鉄道,Tosa Kuroshio Railway Nakamura Station 20100825 1.jpg,1986-05-08,中村駅,https://www.tosakuro.com/,Wikidata Q7827542（2026-10-08取得）
島原鉄道,Q7496808,島原鉄道,島原鉄道,Shimatetsu head office.jpg,1908-05-05,島原市,https://www.shimatetsu.co.jp/,Wikidata Q7496808（2026-10-08取得）
東海旅客鉄道,Q513679,東海旅客鉄道,東海旅客鉄道,CentralJapanRailwayCompanyType373Inaji.jpg,1987-04-01,JRセントラルタワーズ,https://jr-central.co.jp/,Wikidata Q513679（2026-10-08取得）
東急電鉄,Q80229029,東急電鉄,東急電鉄,,2019-04-25,神泉町,https://www.tokyu.co.jp/railway/,Wikidata Q80229029（2026-10-08取得）
東京モノレール,Q788158,東京モノレール,東京モノレール,Tokyo-Monorail-10000-1000.jpg,1959-08-07,世界貿易センタービルディング,https://www.tokyo-monorail.co.jp/,Wikidata Q788158（2026-10-08取得）
東京地下鉄,Q682894,東京地下鉄,東京地下鉄,Tokyo Metro headquarters 2024-03-07.jpg,1927,東上野,https://www.tokyometro.jp/,Wikidata Q682894（2026-10-08取得）
東京都,Q1377135,東京都交通局,東京都交通局,Toei Shinjuku Line 10280 10440 at Funabori Station.jpg,1911-08-01,東京都庁第二本庁舎,https://www.kotsu.metro.tokyo.jp/,Wikidata Q1377135（2026-10-08取得）
東京臨海高速鉄道,Q3832729,東京臨海高速鉄道,東京臨海高速鉄道,TWR HQ 200909.jpg,1991-03-12,東京テレポート駅,https://www.twr.co.jp/enterprise/,Wikidata Q3832729（2026-10-08取得）
東日本旅客鉄道,Q499071,東日本旅客鉄道,東日本旅客鉄道,JR-East-HQ-Building-01.jpg,1987-04-01,JR東日本本社ビル,https://www.jreast.co.jp/,Wikidata Q499071（2026-10-08取得）
東武鉄道,Q1321914,東武鉄道,東武鉄道,Tobuhonsha.jpg,1897-11-01,押上,https://www.tobu.co.jp/,Wikidata Q1321914（2026-10-08取得）
東葉高速鉄道,Q11235089,東葉高速鉄道,東葉高速鉄道,,1981-09-01,緑が丘,https://www.toyokosoku.co.jp/,Wikidata Q11235089（2026-10-08取得）
道南いさりび鉄道,Q22811103,道南いさりび鉄道,道南いさりび鉄道,South Hokkaido Railway Head Office.JPG,2005,,https://www.shr-isaribi.jp/,Wikidata Q22811103（2026-10-08取得）
南阿蘇鉄道,Q11408721,南阿蘇鉄道,南阿蘇鉄道,,1985-04-01,高森駅,https://www.mt-torokko.com/,Wikidata Q11408721（2026-10-08取得）
南海電気鉄道,Q1188230,南海電気鉄道,南海電気鉄道,NANKAI Namba No.1 Building.jpg,1884,敷津東,https://www.nankai.co.jp/,Wikidata Q1188230（2026-10-08取得）
能勢電鉄,Q3743743,能勢電鉄,能勢電鉄,"Nose Electric Railway Co.,Ltd..jpg",1926,川西市,https://noseden.hankyu.co.jp/,Wikidata Q3743743（2026-10-08取得）
函館市,Q3082613,函館市企業局交通部,函館市企業局交通部,Hakodate Transportation Bureau type 9600 110826.jpg,1897,,https://www.city.hakodate.hokkaido.jp/soshiki/densha_dept/,Wikidata Q3082613（2026-10-08取得）
比叡山鉄道,Q11547404,比叡山鉄道,比叡山鉄道,,1924-10-23,ケーブル坂本駅,https://www.sakamoto-cable.jp/,Wikidata Q11547404（2026-10-08取得）
肥薩おれんじ鉄道,Q848890,肥薩おれんじ鉄道,肥薩おれんじ鉄道,Yatsushiro station 2.jpg,2002-10-31,八代市,https://www.hs-orange.com/,Wikidata Q848890（2026-10-08取得）
富山地方鉄道,Q1131125,富山地方鉄道,富山地方鉄道,Chitetsu bldg with a streetcar.JPG,1943-01-01,富山市,https://www.chitetsu.co.jp/,Wikidata Q1131125（2026-10-08取得）
富士山麓電気鉄道,Q116872861,富士山麓電気鉄道,富士山麓電気鉄道,170505 Kawaguchiko Station Kawaguchiko Yamanashi pref Japan03s3.jpg,2021-05-25,富士河口湖町,https://www.fujikyu-railway.jp/,Wikidata Q116872861（2026-10-08取得）
舞浜リゾートライン,Q11613644,舞浜リゾートライン,舞浜リゾートライン,Maihama Resort Line.jpg,1997-04-09,舞浜,https://www.mrc.olc.co.jp/,Wikidata Q11613644（2026-10-08取得）
福井鉄道,Q5507652,福井鉄道,福井鉄道,Fukutetu 200 & 770 001.JPG,1945-08-01,越前市,https://fukutetsu.jp/,Wikidata Q5507652（2026-10-08取得）
福岡市,Q27576993,福岡市交通局,福岡市交通局,FukuokaCity ChuoWard Office 2018.jpg,1973-12-22,大名,https://subway.city.fukuoka.lg.jp/subway/,Wikidata Q27576993（2026-10-08取得）
福島交通,Q5507741,福島交通,福島交通,Fukushima Transportation HQ.jpg,1986-07-09,福島市,https://www.fukushima-koutu.co.jp/,Wikidata Q5507741（2026-10-08取得）
平成筑豊鉄道,Q3943894,平成筑豊鉄道,平成筑豊鉄道,,1989-04-26,金田駅,https://www.heichiku.net/,Wikidata Q3943894（2026-10-08取得）
豊橋鉄道,Q3081081,豊橋鉄道,豊橋鉄道,ToyohashiRailwayCompanyType800.jpg,1924-03-17,豊橋市,https://www.toyotetsu.com/,Wikidata Q3081081（2026-10-08取得）
北越急行,Q10903965,北越急行,北越急行,北越急行本社.jpg,1984-08-30,南魚沼市,https://hokuhoku.co.jp/,Wikidata Q10903965（2026-10-08取得）
北海道旅客鉄道,Q498930,北海道旅客鉄道,北海道旅客鉄道,JR-Hokkaido main office.JPG,1987-04-01,中央区,https://www.jrhokkaido.co.jp/,Wikidata Q498930（2026-10-08取得）
北九州高速鉄道,Q1136497,北九州高速鉄道,北九州高速鉄道,,1976-07-31,小倉南区,http://www.kitakyushu-monorail.co.jp/,Wikidata Q1136497（2026-10-08取得）
北条鉄道,Q11402201,北条鉄道,北条鉄道,Hojomachi Station Kasai Hyogo pref Japan01n.jpg,1984-10-18,北条町駅,http://www.hojorailway.jp/,Wikidata Q11402201（2026-10-08取得）
北総鉄道,Q8016170,北総鉄道,北総鉄道,,1972-05-10,新鎌ケ谷,https://www.hokuso-railway.co.jp/,Wikidata Q8016170（2026-10-08取得）
北大阪急行電鉄,Q2323022,北大阪急行電鉄,北大阪急行電鉄,Kitakyu 9000 9003F.JPG,1967-12-11,豊中市,http://www.kita-kyu.co.jp,Wikidata Q2323022（2026-10-08取得）
北陸鉄道,Q5878320,北陸鉄道,北陸鉄道,Hokutetsu-8800-8900.JPG,1943-10-13,金沢市,http://www.hokutetsu.co.jp/,Wikidata Q5878320（2026-10-08取得）
万葉線,Q104816279,万葉線,万葉線 (企業),Manyosen office 20140913.jpg,2001-03-30,高岡市,https://www.manyosen.co.jp/,Wikidata Q104816279（2026-10-08取得）
名古屋ガイドウェイバス,Q11414812,名古屋ガイドウェイバス,名古屋ガイドウェイバス,Nagoya Guideway Bus Headquarter 20150613.JPG,1994-04-01,竜泉寺,https://www.guideway.co.jp/,Wikidata Q11414812（2026-10-08取得）
名古屋市,Q841951,名古屋市交通局,名古屋市交通局,Nagoya-City-Hall-West-Wing.jpg,1922-08-01,名古屋市役所,https://www.kotsu.city.nagoya.jp/,Wikidata Q841951（2026-10-08取得）
名古屋鉄道,Q30850,名古屋鉄道,名古屋鉄道,MEITETSU Department Store - Head Store - 01.JPG,1921-06-13,名鉄バスセンター,https://top.meitetsu.co.jp/,Wikidata Q30850（2026-10-08取得）
名古屋臨海高速鉄道,Q10855964,名古屋臨海高速鉄道,名古屋臨海高速鉄道,,1997-12-02,十一屋,http://www.aonamiline.co.jp/,Wikidata Q10855964（2026-10-08取得）
明知鉄道,Q8193797,明知鉄道,明知鉄道,Akechi Railway Akechi Station 2021-01 ac (2).jpg,1985-05-21,明智駅,https://www.aketetsu.co.jp/,Wikidata Q8193797（2026-10-08取得）
野岩鉄道,Q8046688,野岩鉄道,野岩鉄道,Yagan Railway Shin-Fujiwara Station premises.JPG,1981-11-20,新藤原駅,http://www.yagan.co.jp/,Wikidata Q8046688（2026-10-08取得）
由利高原鉄道,Q11577568,由利高原鉄道,由利高原鉄道,Yashima Station.jpg,1984-10-31,矢島駅,https://www.obako5.com/,Wikidata Q11577568（2026-10-08取得）
養老鉄道,Q11666892,養老鉄道,養老鉄道,養老鉄道本社社屋.JPG,2007-02-14,西大垣駅,https://www.yororailway.co.jp/,Wikidata Q11666892（2026-10-08取得）
流鉄,Q11556779,流鉄,流鉄,Ryutetsu-Series5000-5104 Wakaba.jpg,1913-11-07,流山駅,http://ryutetsu.jp/,Wikidata Q11556779（2026-10-08取得）
和歌山電鐵,Q11417705,和歌山電鐵,和歌山電鐵,Wakayama Railway Idakiso station.jpg,2005-06-27,伊太祈曽駅,https://www.wakayama-dentetsu.co.jp/,Wikidata Q11417705（2026-10-08取得）
