company,line,qid,source
# 自動照合（scripts/sync-wikidata.ts）で結べなかった路線を、人が確認して Wikidata 項目に結ぶ表。ここにある路線はこの項目を優先する
とさでん交通,伊野線,Q7827538,Wikidata「とさでん交通伊野線」（路面電車の路線として登録。運営者 とさでん交通）2026-10-08確認
とさでん交通,後免線,Q11423068,Wikidata「とさでん交通後免線」（同上）2026-10-08確認
とさでん交通,桟橋線,Q7827539,Wikidata「とさでん交通桟橋線」（同上）2026-10-08確認
一般財団法人青函トンネル記念館,青函トンネル竜飛斜坑線,Q7446759,Wikidata「青函トンネル竜飛斜坑線」（ケーブルカー。運営者の登録なし）2026-10-08確認
横浜市,1号線,Q841360,Wikidata「横浜市営地下鉄ブルーライン」の別名に「横浜市営地下鉄1号線」。駅の並び（湘南台〜関内）も一致 2026-10-08確認
横浜市,3号線,Q841360,Wikidata「横浜市営地下鉄ブルーライン」の別名に「横浜市営地下鉄3号線」。駅の並び（関内〜あざみ野）も一致 2026-10-08確認
横浜市,4号線,Q910329,Wikidata「横浜市営地下鉄グリーンライン」の別名に「横浜市営地下鉄4号線」。駅の並び（中山〜日吉）も一致 2026-10-08確認
岡山電気軌道,清輝橋線,Q11472773,Wikidata「岡山電気軌道清輝橋線」（路面電車の路線）2026-10-08確認
岡山電気軌道,東山本線,Q11472771,Wikidata「岡山電気軌道東山本線」（路面電車の路線）2026-10-08確認
岳南電車,岳南鉄道線,Q5517715,Wikidata「岳南線」（運営者 岳南電車）。駅の並び（吉原〜岳南江尾）も一致 2026-10-08確認
京福電気鉄道,嵐山本線,Q10883225,Wikidata「京福電気鉄道嵐山本線」（路面電車の路線）2026-10-08確認
九州旅客鉄道,筑肥線,Q1042132,Wikidata「筑肥線」（運営者 九州旅客鉄道）。廃止日(P576)は1983年の博多〜姪浜間の廃止で、路線自体は現存 2026-10-08確認
熊本電気鉄道,藤崎線,Q10855522,Wikidata「熊本電気鉄道藤崎線」（運営者の登録が熊本市交通局になっているため自動照合できなかった）2026-10-08確認
十国峠,十国鋼索線,Q11380603,Wikidata「十国鋼索線」（別名 十国峠ケーブルカー）2026-10-08確認
神戸六甲鉄道,六甲ケーブル線,Q7360052,Wikidata「神戸六甲鉄道六甲ケーブル線」（運営者の登録は六甲山観光）2026-10-08確認
東京地下鉄,4号線丸ノ内線分岐線,Q125502829,Wikidata「東京メトロ丸ノ内線方南町支線」（運営者 東京地下鉄）2026-10-08確認
東武鉄道,伊勢崎線,Q906598,Wikidata「東武伊勢崎線」（法令上の路線。運転系統名の「東武スカイツリーライン」Q13360900 ではなくこちら）2026-10-08確認
富山地方鉄道,本線,Q7830574,Wikidata「富山地方鉄道本線」（「本線」で終わる同社の項目が複数あり自動照合できなかった）2026-10-08確認
豊橋鉄道,東田本線,Q11633880,Wikidata「東田本線」（運営者 豊橋鉄道）2026-10-08確認
北海道旅客鉄道,海峡線,Q907716,Wikidata「海峡線」（貨物線の種類も持つため自動照合の対象外だった）2026-10-08確認
北海道旅客鉄道,留萌線,Q1138959,Wikidata「留萌本線」（2026-04-01 廃止と登録。国土数値情報2025年12月31日時点には収録）2026-10-08確認
万葉線,高岡軌道線,Q6746078,Wikidata「万葉線高岡軌道線」（路面電車の路線）2026-10-08確認
