company,line,qid,label,color,opened,gauge_mm,electrification,match,source
IRいしかわ鉄道,IRいしかわ鉄道線,Q19588628,IRいしかわ鉄道線,#00A7E3,1898-11-01,1067,交流20kV 60Hz,label,Wikidata Q19588628（2026-10-07取得）
JR東海交通事業,城北線,Q7862680,JR東海交通事業城北線,#FF8C00,1991-12-01,1067,,alias,Wikidata Q7862680（2026-10-07取得）
アイジーアールいわて銀河鉄道,いわて銀河鉄道線,Q648904,いわて銀河鉄道線,#0000CD,2002-12-01,1067,交流20kV 50Hz,label,Wikidata Q648904（2026-10-07取得）
あいの風とやま鉄道,あいの風とやま鉄道線,Q19594612,あいの風とやま鉄道線,#00A556,1898,1067,交流20kV 60Hz,label,Wikidata Q19594612（2026-10-07取得）
アルピコ交通,上高地線,Q10868354,アルピコ交通上高地線,,1921-10-02,1067,直流1500V,alias,Wikidata Q10868354（2026-10-07取得）
いすみ鉄道,いすみ線,Q11259272,いすみ鉄道いすみ線,#FFFF00,1930-04-01,1067,非電化,alias,Wikidata Q11259272（2026-10-07取得）
えちごトキめき鉄道,日本海ひすいライン,Q19581616,日本海ひすいライン,#3782BD,1911,1067,直流1500V|交流20kV 60Hz,label,Wikidata Q19581616（2026-10-07取得）
えちごトキめき鉄道,妙高はねうまライン,Q19578407,妙高はねうまライン,#35C98E,1886-08-15,1067,直流1500V,label,Wikidata Q19578407（2026-10-07取得）
えちぜん鉄道,三国芦原線,Q6850277,三国芦原線,#0066FF,1928-12-30,1067,直流600V,label,Wikidata Q6850277（2026-10-07取得）
えちぜん鉄道,勝山永平寺線,Q6378238,勝山永平寺線,#FF6600,1914,1067,直流600V,label,Wikidata Q6378238（2026-10-07取得）
くま川鉄道,湯前線,Q11265547,くま川鉄道湯前線,,1924-03-30,1067,非電化,alias,Wikidata Q11265547（2026-10-07取得）
こうべ未来都市機構,摩耶ケーブル線,Q6796675,こうべ未来都市機構摩耶ケーブル線,,1925-01-06,1067,,alias,Wikidata Q6796675（2026-10-07取得）
しなの鉄道,しなの鉄道線,Q847355,しなの鉄道線,#FFA500,1997-10-01,1067,直流1500V,label,Wikidata Q847355（2026-10-07取得）
しなの鉄道,北しなの線,Q19569921,しなの鉄道北しなの線,#999966,2015-03-14,1067,直流1500V,alias,Wikidata Q19569921（2026-10-07取得）
とさでん交通,駅前線,Q125659681,とさでん交通駅前線,,1928-02-16,1520,直流600V,alias,Wikidata Q125659681（2026-10-07取得）
のと鉄道,七尾線,Q17221045,のと鉄道七尾線,,1925-12-15,1067,非電化|直流1500V,alias,Wikidata Q17221045（2026-10-07取得）
ハピラインふくい,ハピラインふくい線,Q111429917,ハピラインふくい線,#EC1C9C,1896-07-15,1067,直流1500V|交流20kV 60Hz,label,Wikidata Q111429917（2026-10-07取得）
ひたちなか海浜鉄道,湊線,Q6863245,ひたちなか海浜鉄道湊線,#FF8C00,1913-12-25,1067,非電化,alias,Wikidata Q6863245（2026-10-07取得）
ゆりかもめ,東京臨海新交通臨海線,Q1191079,ゆりかもめ東京臨海新交通臨海線,#1662B8,1995-11-01,,,alias,Wikidata Q1191079（2026-10-07取得）
ラクテンチ,別府ラクテンチケーブル線,Q4890933,別府ラクテンチケーブル線,,1929-09-21,1067,,label,Wikidata Q4890933（2026-10-07取得）
わたらせ渓谷鐵道,わたらせ渓谷線,Q7972998,わたらせ渓谷鐵道わたらせ渓谷線,,1911-04-15,1067,非電化,alias,Wikidata Q7972998（2026-10-07取得）
阿佐海岸鉄道,阿佐東線,Q4803134,阿佐海岸鉄道阿佐東線,,1992-03-26,1067,非電化,alias,Wikidata Q4803134（2026-10-07取得）
阿武隈急行,阿武隈急行線,Q4670565,阿武隈急行線,,1968-04-01,1067,交流20kV 50Hz,label,Wikidata Q4670565（2026-10-07取得）
愛知環状鉄道,愛知環状鉄道線,Q4696578,愛知環状鉄道線,#0000CD,1988-01-31,1067,直流1500V,label,Wikidata Q4696578（2026-10-07取得）
愛知高速交通,東部丘陵線,Q1329642,東部丘陵線,#4682B4,2005-03-06,,,label,Wikidata Q1329642（2026-10-07取得）
鞍馬寺,鞍馬山鋼索鉄道,Q6445551,鞍馬山鋼索鉄道,,1957-01-01,800,,label,Wikidata Q6445551（2026-10-07取得）
伊賀鉄道,伊賀線,Q5991419,伊賀鉄道伊賀線,,1916-08-08,1067,直流1500V,alias,Wikidata Q5991419（2026-10-07取得）
伊勢鉄道,伊勢線,Q6079603,伊勢線,,1973-09-01,1067,,label,Wikidata Q6079603（2026-10-07取得）
伊豆急行,伊豆急行線,Q864265,伊豆急行線,,1961-12-10,1067,直流1500V,label,Wikidata Q864265（2026-10-07取得）
伊豆箱根鉄道,駿豆線,Q5364675,伊豆箱根鉄道駿豆線,#3333FF,1898-05-20,1067,直流1500V,alias,Wikidata Q5364675（2026-10-07取得）
伊豆箱根鉄道,大雄山線,Q5209848,伊豆箱根鉄道大雄山線,#3333FF,1925-10-15,1067,直流1500V,alias,Wikidata Q5209848（2026-10-07取得）
伊予鉄道,横河原線,Q9026185,伊予鉄道横河原線,#1DB0E9,,1067,直流750V,alias,Wikidata Q9026185（2026-10-07取得）
伊予鉄道,花園線,Q957721,伊予鉄道花園線,#FFA500,1947-03-25,1067,直流600V,alias,Wikidata Q957721（2026-10-07取得）
伊予鉄道,郡中線,Q9026100,伊予鉄道郡中線,#EB6C1F,,1067,直流750V,alias,Wikidata Q9026100（2026-10-07取得）
伊予鉄道,高浜線,Q9026173,伊予鉄道高浜線,#90C132,,1067,直流600V,alias,Wikidata Q9026173（2026-10-07取得）
伊予鉄道,城南線,Q8190437,伊予鉄道城南線,#FFA500,1911-09-01,1067,直流600V,alias,Wikidata Q8190437（2026-10-07取得）
伊予鉄道,城北線,Q8192892,伊予鉄道城北線,#FFA500,1895-08-22,1067,直流600V,alias,Wikidata Q8192892（2026-10-07取得）
伊予鉄道,大手町線,Q5836444,伊予鉄道大手町線,#FFA500,1936-05-01,1067,直流600V,alias,Wikidata Q5836444（2026-10-07取得）
伊予鉄道,本町線,Q9026109,伊予鉄道本町線,#FFA500,1948-07-01,1067,直流600V,alias,Wikidata Q9026109（2026-10-07取得）
伊予鉄道,連絡線,Q132125281,伊予鉄道連絡線,,2018,1067,直流600V,alias,Wikidata Q132125281（2026-10-07取得）
井原鉄道,井原線,Q11373399,井原線,,1999-01-11,1067,非電化|直流1500V,label,Wikidata Q11373399（2026-10-07取得）
一畑電車,大社線,Q11352975,大社線,,,1067,直流1500V,label,Wikidata Q11352975（2026-10-07取得）
一畑電車,北松江線,Q11352976,北松江線,#FF6600,1914,1067,直流1500V,label,Wikidata Q11352976（2026-10-07取得）
宇都宮ライトレール,宇都宮芳賀ライトレール線,Q116207957,宇都宮芳賀ライトレール線,#FFD700,2023-08-26,1067,直流750V,label,Wikidata Q116207957（2026-10-07取得）
叡山電鉄,鞍馬線,Q11410729,鞍馬線,,1928-12-01,1435,直流600V,label,Wikidata Q11410729（2026-10-07取得）
叡山電鉄,叡山本線,Q10912954,叡山本線,,1925-09-27,1435,直流600V,label,Wikidata Q10912954（2026-10-07取得）
遠州鉄道,鉄道線,Q17227862,遠州鉄道鉄道線,#C32829,1909-12-06,1067,直流750V,suffix,Wikidata Q17227862（2026-10-07取得）
横浜シーサイドライン,金沢シーサイドライン,Q6360898,金沢シーサイドライン,#004EA2,1989-07-05,,直流750V,label,Wikidata Q6360898（2026-10-07取得）
横浜高速鉄道,みなとみらい21線,Q852314,みなとみらい21線,#00008B,2004-02-01,1067,直流1500V,label,Wikidata Q852314（2026-10-07取得）
沖縄都市モノレール,沖縄都市モノレール線,Q993679,沖縄都市モノレール線,#E72128,2003-08-10,,直流1500V,label,Wikidata Q993679（2026-10-07取得）
会津鉄道,会津線,Q4699468,会津鉄道会津線,#FFA500,1927-11-01,1067,非電化|直流1500V,alias,Wikidata Q4699468（2026-10-07取得）
甘木鉄道,甘木線,Q642407,甘木線,,1939-04-28,1067,,label,Wikidata Q642407（2026-10-07取得）
関東鉄道,常総線,Q6322265,関東鉄道常総線,#0000CD,1913-11-01,1067,非電化,alias,Wikidata Q6322265（2026-10-07取得）
関東鉄道,竜ヶ崎線,Q7385616,関東鉄道竜ヶ崎線,#0000FF,1900,1067,,alias,Wikidata Q7385616（2026-10-07取得）
紀州鉄道,紀州鉄道線,Q6416678,紀州鉄道線,,1931-06-15,1067,非電化,label,Wikidata Q6416678（2026-10-07取得）
京王電鉄,井の頭線,Q1191300,京王井の頭線,#1E90FF,1933-08-01,1067,直流1500V,alias,Wikidata Q1191300（2026-10-07取得）
京王電鉄,京王線,Q1323112,京王線,#DD0077,1913-04-15,1372,直流1500V,label,Wikidata Q1323112（2026-10-07取得）
京王電鉄,競馬場線,Q656122,京王競馬場線,#DD0077,1955-04-29,1372,直流1500V,alias,Wikidata Q656122（2026-10-07取得）
京王電鉄,高尾線,Q29663,京王高尾線,#FF1493,1930,1372,直流1500V,alias,Wikidata Q29663（2026-10-07取得）
京王電鉄,相模原線,Q906348,京王相模原線,#DD0077,1916-06-01,1372,直流1500V,alias,Wikidata Q906348（2026-10-07取得）
京王電鉄,動物園線,Q906312,京王動物園線,#DD0077,1964-04-29,1372,直流1500V,alias,Wikidata Q906312（2026-10-07取得）
京阪電気鉄道,宇治線,Q1702750,京阪宇治線,,1929,1435,直流1500V,alias,Wikidata Q1702750（2026-10-07取得）
京阪電気鉄道,鴨東線,Q2255671,京阪鴨東線,#5BA094,1989,1435,直流1500V,suffix,Wikidata Q2255671（2026-10-07取得）
京阪電気鉄道,京阪本線,Q2598752,京阪本線,#00008B,1910,1435,直流1500V,label,Wikidata Q2598752（2026-10-07取得）
京阪電気鉄道,京津線,Q2679167,京津線,,1906,1435,直流1500V,label,Wikidata Q2679167（2026-10-07取得）
京阪電気鉄道,交野線,Q126015,京阪交野線,#5BA094,1929,1435,直流1500V,alias,Wikidata Q126015（2026-10-07取得）
京阪電気鉄道,鋼索線,Q6383609,京阪鋼索線,,1926-06-22,1067,,alias,Wikidata Q6383609（2026-10-07取得）
京阪電気鉄道,石山坂本線,Q6383610,石山坂本線,#009933,1912,1435,直流1500V,label,Wikidata Q6383610（2026-10-07取得）
京阪電気鉄道,中之島線,Q126331,京阪中之島線,#5BA094,2008,1435,直流1500V,alias,Wikidata Q126331（2026-10-07取得）
京成電鉄,押上線,Q841584,京成押上線,#005AAA,1912-11-03,1435,直流1500V,alias,Wikidata Q841584（2026-10-07取得）
京成電鉄,金町線,Q4490874,京成金町線,#0000CD,1913-10-21,1435,直流1500V,alias,Wikidata Q4490874（2026-10-07取得）
京成電鉄,松戸線,Q3553734,京成松戸線,,1947-12-27,1067|1372|1435,直流1500V,suffix,Wikidata Q3553734（2026-10-07取得）
京成電鉄,成田空港線,Q1045305,京成成田空港線,#FFA500,2010-07-17,1435,直流1500V,alias,Wikidata Q1045305（2026-10-07取得）
京成電鉄,千原線,Q842069,京成千原線,#0000CD,1992-04-01,1435,直流1500V,alias,Wikidata Q842069（2026-10-07取得）
京成電鉄,千葉線,Q841998,京成千葉線,#005AAA,1921-07-17,1435,直流1500V,alias,Wikidata Q841998（2026-10-07取得）
京成電鉄,東成田線,Q4492924,京成東成田線,#0000CD,1978-05-21,1435,直流1500V,alias,Wikidata Q4492924（2026-10-07取得）
京成電鉄,本線,Q1063675,京成本線,#005AAA,1912,1435,直流1500V,suffix,Wikidata Q1063675（2026-10-07取得）
京都市,烏丸線,Q762347,烏丸線,#3CB371,1981-05-29,1435,直流1500V,label,Wikidata Q762347（2026-10-07取得）
京都市,東西線,Q1143898,東西線,#FF4500,1997-10-12,1435,直流1500V,label,Wikidata Q1143898（2026-10-07取得）
京浜急行電鉄,久里浜線,Q907687,京急久里浜線,#00BFFF,1942,1435,直流1500V,alias,Wikidata Q907687（2026-10-07取得）
京浜急行電鉄,空港線,Q906807,京急空港線,#00BFFF,1902-06-28,1435,直流1500V,suffix,Wikidata Q906807（2026-10-07取得）
京浜急行電鉄,逗子線,Q1036349,京急逗子線,#00BFFF,1930,1435,直流1500V,alias,Wikidata Q1036349（2026-10-07取得）
京浜急行電鉄,大師線,Q1037491,京急大師線,#00BFFF,1899,1435,直流1500V,suffix,Wikidata Q1037491（2026-10-07取得）
京浜急行電鉄,本線,Q1063632,京急本線,#00BFFF,1895,1435,直流1500V,suffix,Wikidata Q1063632（2026-10-07取得）
京福電気鉄道,鋼索線,Q6383576,京福電気鉄道鋼索線,,1925-12-20,1067,,alias,Wikidata Q6383576（2026-10-07取得）
京福電気鉄道,北野線,Q10883224,北野線,#004B8D,1925-11-03,1435,直流600V,label,Wikidata Q10883224（2026-10-07取得）
錦川鉄道,錦川清流線,Q7040600,錦川鉄道錦川清流線,#87CEEB,1960-11-01,1067,非電化,alias,Wikidata Q7040600（2026-10-07取得）
近畿日本鉄道,けいはんな線,Q1057729,近鉄けいはんな線,,1986,1435,直流750V,alias,Wikidata Q1057729（2026-10-07取得）
近畿日本鉄道,橿原線,Q2491066,近鉄橿原線,,1923,1435,直流1500V,alias,Wikidata Q2491066（2026-10-07取得）
近畿日本鉄道,吉野線,Q901085,近鉄吉野線,,1912-10-25,1067,直流1500V,alias,Wikidata Q901085（2026-10-07取得）
近畿日本鉄道,京都線,Q1057349,近鉄京都線,,1928,1435,直流1500V,suffix,Wikidata Q1057349（2026-10-07取得）
近畿日本鉄道,御所線,Q4792932,近鉄御所線,,1930-12-09,1067,直流1500V,alias,Wikidata Q4792932（2026-10-07取得）
近畿日本鉄道,山田線,Q900630,近鉄山田線,#00B3C1,1931-03-17,1435,直流1500V,alias,Wikidata Q900630（2026-10-07取得）
近畿日本鉄道,志摩線,Q5357604,近鉄志摩線,,1929-07-23,1435,直流1500V,alias,Wikidata Q5357604（2026-10-07取得）
近畿日本鉄道,信貴線,Q874150,近鉄信貴線,,1930-12-25,1435,直流1500V,alias,Wikidata Q874150（2026-10-07取得）
近畿日本鉄道,生駒鋼索線,Q5355661,近鉄生駒鋼索線,,1918-08-29,1067,直流200V,alias,Wikidata Q5355661（2026-10-07取得）
近畿日本鉄道,生駒線,Q900218,近鉄生駒線,,1922-05-16,1435,直流1500V,alias,Wikidata Q900218（2026-10-07取得）
近畿日本鉄道,西信貴鋼索線,Q8140289,近鉄西信貴鋼索線,,1930-12-15,1067,直流,alias,Wikidata Q8140289（2026-10-07取得）
近畿日本鉄道,大阪線,Q1052545,近鉄大阪線,#4694D1,1914-04-30,1435,直流1500V,alias,Wikidata Q1052545（2026-10-07取得）
近畿日本鉄道,長野線,Q901413,近鉄長野線,,1898-04-14,1067,直流1500V,alias,Wikidata Q901413（2026-10-07取得）
近畿日本鉄道,鳥羽線,Q5357612,近鉄鳥羽線,,1970-03-01,1435,直流1500V,alias,Wikidata Q5357612（2026-10-07取得）
近畿日本鉄道,天理線,Q2491070,近鉄天理線,,1915,1435,直流1500V,alias,Wikidata Q2491070（2026-10-07取得）
近畿日本鉄道,田原本線,Q2491080,近鉄田原本線,,1918,1435,直流1500V,alias,Wikidata Q2491080（2026-10-07取得）
近畿日本鉄道,湯の山線,Q5357732,近鉄湯の山線,,1913-09-24,1435,直流1500V,alias,Wikidata Q5357732（2026-10-07取得）
近畿日本鉄道,道明寺線,Q4792923,近鉄道明寺線,,1898-03-24,1067,直流1500V,alias,Wikidata Q4792923（2026-10-07取得）
近畿日本鉄道,奈良線,Q692386,近鉄奈良線,,1928,1435,直流1500V,suffix,Wikidata Q692386（2026-10-07取得）
近畿日本鉄道,南大阪線,Q901342,近鉄南大阪線,,1898-03-24,1067,直流1500V,alias,Wikidata Q901342（2026-10-07取得）
近畿日本鉄道,難波線,Q2491053,近鉄難波線,#D21644,1970,1435,直流1500V,alias,Wikidata Q2491053（2026-10-07取得）
近畿日本鉄道,名古屋線,Q1056563,近鉄名古屋線,#153F97,1915-09-10,1435,直流1500V,alias,Wikidata Q1056563（2026-10-07取得）
近畿日本鉄道,鈴鹿線,Q900210,近鉄鈴鹿線,,1925-12-20,1435,直流1500V,alias,Wikidata Q900210（2026-10-07取得）
近江鉄道,多賀線,Q7081105,近江鉄道多賀線,,1914-03-08,1067,直流1500V,alias,Wikidata Q7081105（2026-10-07取得）
近江鉄道,八日市線,Q7081107,近江鉄道八日市線,,1913-12-29,1067,直流1500V,alias,Wikidata Q7081107（2026-10-07取得）
近江鉄道,本線,Q7081104,近江鉄道本線,,1898-06-11,1067,直流1500V,suffix,Wikidata Q7081104（2026-10-07取得）
九州旅客鉄道,吉都線,Q871999,吉都線,#FF0000,1912-10-01,1067,非電化,label,Wikidata Q871999（2026-10-07取得）
九州旅客鉄道,久大線,Q870569,久大本線,,1915-10-30,1067,非電化,label,Wikidata Q870569（2026-10-07取得）
九州旅客鉄道,宮崎空港線,Q871096,宮崎空港線,,1996-07-18,1067,交流20kV 60Hz,label,Wikidata Q871096（2026-10-07取得）
九州旅客鉄道,九州新幹線,Q11370254,九州新幹線,,2004-03-13,1435,交流25kV 60Hz,label,Wikidata Q11370254（2026-10-07取得）
九州旅客鉄道,後藤寺線,Q5359712,後藤寺線,#FF0000,1897-10-20,1067,非電化,label,Wikidata Q5359712（2026-10-07取得）
九州旅客鉄道,香椎線,Q5359548,香椎線,#FF0000,1905-12-29,1067,非電化,label,Wikidata Q5359548（2026-10-07取得）
九州旅客鉄道,佐世保線,Q852097,佐世保線,#36B558,1895-05-05,1067,交流20kV 60Hz,label,Wikidata Q852097（2026-10-07取得）
九州旅客鉄道,三角線,Q871157,三角線,,1899-12-25,1067,非電化,label,Wikidata Q871157（2026-10-07取得）
九州旅客鉄道,山陽線,Q1193436,山陽本線,#0073BC,1888-11-01,1067,直流1500V|交流20kV 60Hz,label,Wikidata Q1193436（2026-10-07取得）
九州旅客鉄道,指宿枕崎線,Q869325,指宿枕崎線,#FF0000,1930-12-07,1067,非電化,label,Wikidata Q869325（2026-10-07取得）
九州旅客鉄道,鹿児島線,Q1187520,鹿児島本線,#FF0000,1872-12-11,1067,交流20kV 60Hz,label,Wikidata Q1187520（2026-10-07取得）
九州旅客鉄道,篠栗線,Q5359259,篠栗線,,1904-06-19,1067,交流20kV 60Hz,label,Wikidata Q5359259（2026-10-07取得）
九州旅客鉄道,西九州新幹線,Q11370252,西九州新幹線,,,1435,交流25kV 60Hz,label,Wikidata Q11370252（2026-10-07取得）
九州旅客鉄道,大村線,Q852064,大村線,#0095D9,1898-01-20,1067,非電化|交流20kV 60Hz,label,Wikidata Q852064（2026-10-07取得）
九州旅客鉄道,筑豊線,Q872540,筑豊本線,#FF0000,1891-08-30,1067,交流20kV 60Hz,label,Wikidata Q872540（2026-10-07取得）
九州旅客鉄道,長崎線,Q1078117,長崎本線,#FAAF18,1891-08-20,1067,非電化|交流20kV 60Hz,label,Wikidata Q1078117（2026-10-07取得）
九州旅客鉄道,唐津線,Q851961,唐津線,,1898-12-01,1067,非電化|直流1500V,label,Wikidata Q851961（2026-10-07取得）
九州旅客鉄道,日田彦山線,Q5360616,日田彦山線,#FF0000,1915-04-01,1067,非電化,label,Wikidata Q5360616（2026-10-07取得）
九州旅客鉄道,日南線,Q871676,日南線,,1935-04-15,1067,非電化|交流20kV 60Hz,label,Wikidata Q871676（2026-10-07取得）
九州旅客鉄道,日豊線,Q1052288,日豊本線,#FF0000,1895-04-01,1067,交流20kV 60Hz,label,Wikidata Q1052288（2026-10-07取得）
九州旅客鉄道,肥薩線,Q1055960,肥薩線,,1903-01-15,1067,非電化,label,Wikidata Q1055960（2026-10-07取得）
九州旅客鉄道,豊肥線,Q870826,豊肥本線,#FF0000,1914-04-01,1067,非電化|交流20kV 60Hz,label,Wikidata Q870826（2026-10-07取得）
熊本市,幹線,Q11568183,熊本市電幹線,,1924-08-01,,,suffix,Wikidata Q11568183（2026-10-07取得）
熊本市,健軍線,Q11568181,熊本市電健軍線,,1945-05-06,,,alias,Wikidata Q11568181（2026-10-07取得）
熊本市,上熊本線,Q11568179,熊本市電上熊本線,,1929-06-20,,,alias,Wikidata Q11568179（2026-10-07取得）
熊本市,水前寺線,Q11568186,熊本市電水前寺線,,1924-08-01,,,alias,Wikidata Q11568186（2026-10-07取得）
熊本市,田崎線,Q11568185,熊本市電田崎線,,1959-12-24,,,alias,Wikidata Q11568185（2026-10-07取得）
熊本電気鉄道,菊池線,Q10855521,菊池線,,,1067,直流600V,label,Wikidata Q10855521（2026-10-07取得）
広島高速交通,広島新交通1号線,Q389415,広島新交通1号線,#FFA500,1994-08-20,,直流750V,label,Wikidata Q389415（2026-10-07取得）
広島電鉄,宇品線,Q5370293,広島電鉄宇品線,#009944,1912-11-23,1435,直流600V,alias,Wikidata Q5370293（2026-10-07取得）
広島電鉄,横川線,Q5368284,広島電鉄横川線,#009944,1917-11-01,1435,直流600V,alias,Wikidata Q5368284（2026-10-07取得）
広島電鉄,皆実線,Q5370911,広島電鉄皆実線,#009944,1944-12-27,1435,直流600V,alias,Wikidata Q5370911（2026-10-07取得）
広島電鉄,宮島線,Q5371364,広島電鉄宮島線,,1922-08-22,1435,直流600V,alias,Wikidata Q5371364（2026-10-07取得）
広島電鉄,江波線,Q5370454,広島電鉄江波線,#009944,1943,1435,直流600V,alias,Wikidata Q5370454（2026-10-07取得）
広島電鉄,白島線,Q5370759,広島電鉄白島線,#009944,1912-11-23,1435,直流600V,alias,Wikidata Q5370759（2026-10-07取得）
広島電鉄,本線,Q5370873,広島電鉄本線,,1912-11-23,1435,直流600V,suffix,Wikidata Q5370873（2026-10-07取得）
弘南鉄道,弘南線,Q6455229,弘南鉄道弘南線,#FFA500,1927-09-07,1067,直流1500V,alias,Wikidata Q6455229（2026-10-07取得）
弘南鉄道,大鰐線,Q6455231,弘南鉄道大鰐線,,1952-01-26,1067,直流1500V,alias,Wikidata Q6455231（2026-10-07取得）
江ノ島電鉄,江ノ島電鉄線,Q434787,江ノ島電鉄線,#005C3F,1902-09-01,1067,直流600V,label,Wikidata Q434787（2026-10-07取得）
高松琴平電気鉄道,琴平線,Q5371397,琴平線,#FFD400,1926-12-21,1435,直流1500V,label,Wikidata Q5371397（2026-10-07取得）
高松琴平電気鉄道,志度線,Q5364907,志度線,#FF3366,1911-11-18,1435,直流1500V,label,Wikidata Q5364907（2026-10-07取得）
高松琴平電気鉄道,長尾線,Q5364831,長尾線,#009966,1912-04-30,1435,直流1500V,label,Wikidata Q5364831（2026-10-07取得）
高尾登山電鉄,高尾鋼索線,Q123398409,高尾鋼索線,,1927-01-21,1067,,label,Wikidata Q123398409（2026-10-07取得）
黒部峡谷鉄道,本線,Q11678844,黒部峡谷鉄道本線,,1953-11-16,762,直流600V,suffix,Wikidata Q11678844（2026-10-07取得）
嵯峨野観光鉄道,嵯峨野観光線,Q7399001,嵯峨野観光線,#B22222,1991-04-27,1067,,label,Wikidata Q7399001（2026-10-07取得）
阪急電鉄,伊丹線,Q2068416,阪急伊丹線,#0000FF,1920,1435,直流1500V,alias,Wikidata Q2068416（2026-10-07取得）
阪急電鉄,京都線,Q2053737,阪急京都本線,#32CD32,1921,1435,直流1500V,alias,Wikidata Q2053737（2026-10-07取得）
阪急電鉄,甲陽線,Q2068425,阪急甲陽線,#0000FF,1922,1435,直流1500V,alias,Wikidata Q2068425（2026-10-07取得）
阪急電鉄,今津線,Q3832688,阪急今津線,#0000FF,1920,1435,直流1500V,alias,Wikidata Q3832688（2026-10-07取得）
阪急電鉄,神戸高速線,Q11656795,阪急神戸高速線,,1968-04-07,1435,直流1500V,alias,Wikidata Q11656795（2026-10-07取得）
阪急電鉄,神戸線,Q1054520,阪急神戸本線,#0000FF,1920,1435,直流1500V,alias,Wikidata Q1054520（2026-10-07取得）
阪急電鉄,千里線,Q1044987,阪急千里線,#32CD32,1967,1435,直流1500V,alias,Wikidata Q1044987（2026-10-07取得）
阪急電鉄,宝塚線,Q3832859,阪急宝塚本線,#F39800,1910,1435,直流1500V,alias,Wikidata Q3832859（2026-10-07取得）
阪急電鉄,箕面線,Q246334,阪急箕面線,#F39800,1910-03-10,1435,直流1500V,alias,Wikidata Q246334（2026-10-07取得）
阪急電鉄,嵐山線,Q2085729,阪急嵐山線,#32CD32,1928,1435,直流1500V,suffix,Wikidata Q2085729（2026-10-07取得）
阪堺電気軌道,阪堺線,Q5648522,阪堺線,#32CD32,1911-12-01,1435,直流600V,label,Wikidata Q5648522（2026-10-07取得）
阪堺電気軌道,上町線,Q5648519,上町線,#FFA500,1900-09-20,1435,直流600V,label,Wikidata Q5648519（2026-10-07取得）
阪神電気鉄道,阪神なんば線,Q1038117,阪神なんば線,#FF8000,1924,1435,直流1500V,label,Wikidata Q1038117（2026-10-07取得）
阪神電気鉄道,神戸高速線,Q5370750,阪神神戸高速線,,1968-04-07,1435,直流1500V,alias,Wikidata Q5370750（2026-10-07取得）
阪神電気鉄道,武庫川線,Q2096555,阪神武庫川線,#FF4500,1943,1435,直流1500V,suffix,Wikidata Q2096555（2026-10-07取得）
阪神電気鉄道,本線,Q1053647,阪神本線,#FF4500,1924,1435,直流1500V,suffix,Wikidata Q1053647（2026-10-07取得）
埼玉高速鉄道,埼玉高速鉄道線,Q1065949,埼玉高速鉄道線,#0000CD,2001-03-28,1067,直流1500V,label,Wikidata Q1065949（2026-10-07取得）
埼玉新都市交通,伊奈線,Q846381,伊奈線,#10A899,1983-12-22,,直流600V,label,Wikidata Q846381（2026-10-07取得）
札幌市,東西線,Q981826,東西線,#FFA500,1976,,直流1500V,label,Wikidata Q981826（2026-10-07取得）
札幌市,東豊線,Q981822,東豊線,#0080FF,1988,,直流1500V,label,Wikidata Q981822（2026-10-07取得）
札幌市,南北線,Q843793,南北線,#008000,1971,,直流750V,label,Wikidata Q843793（2026-10-07取得）
皿倉登山鉄道,帆柱ケーブル線,Q5874805,皿倉山ケーブルカー,,1957-11-12,1067,,alias,Wikidata Q5874805（2026-10-07取得）
三岐鉄道,三岐線,Q17221021,三岐線,,,1067,直流1500V,label,Wikidata Q17221021（2026-10-07取得）
三岐鉄道,北勢線,Q7418003,北勢線,,1914-04-05,762,直流750V,label,Wikidata Q7418003（2026-10-07取得）
三陸鉄道,リアス線,Q62472974,三陸鉄道リアス線,,2019-03-23,1067,非電化,alias,Wikidata Q62472974（2026-10-07取得）
三陸鉄道,南リアス線,Q8009889,南リアス線,,1970,1067,,label,Wikidata Q8009889（2026-10-07取得）
三陸鉄道,北リアス線,Q3525785,北リアス線,,1972,1067,,label,Wikidata Q3525785（2026-10-07取得）
山形鉄道,フラワー長井線,Q8047622,フラワー長井線,#FF69B4,1913-10-26,1067,非電化,label,Wikidata Q8047622（2026-10-07取得）
山万,ユーカリが丘線,Q11465834,山万ユーカリが丘線,#FFC0CB,1982-11-02,,直流750V,alias,Wikidata Q11465834（2026-10-07取得）
山陽電気鉄道,本線,Q871058,山陽電気鉄道本線,#FF0000,1910,1435,直流1500V,suffix,Wikidata Q871058（2026-10-07取得）
山陽電気鉄道,網干線,Q7420799,山陽電気鉄道網干線,#FF0000,1940-10-15,1435,直流1500V,alias,Wikidata Q7420799（2026-10-07取得）
四国ケーブル,八栗ケーブル,Q8047242,八栗ケーブル,,1931-02-15,1067,,label,Wikidata Q8047242（2026-10-07取得）
四国旅客鉄道,高徳線,Q859984,高徳線,#9ACD32,1899-02-16,1067,非電化,label,Wikidata Q859984（2026-10-07取得）
四国旅客鉄道,土讃線,Q861077,土讃線,#E25885,1889-05-23,1067,非電化|直流1500V,label,Wikidata Q861077（2026-10-07取得）
四国旅客鉄道,徳島線,Q899310,徳島線,#2B4B65,1899-02-16,1067,非電化,label,Wikidata Q899310（2026-10-07取得）
四国旅客鉄道,内子線,Q899464,内子線,#FBAF18,1920-05-01,1067,非電化,label,Wikidata Q899464（2026-10-07取得）
四国旅客鉄道,本四備讃線,Q4980774,本四備讃線,#0073BC,1988-03-20,1067,直流1500V,label,Wikidata Q4980774（2026-10-07取得）
四国旅客鉄道,牟岐線,Q860478,牟岐線,#00B5AD,1913-04-20,1067,非電化,label,Wikidata Q860478（2026-10-07取得）
四国旅客鉄道,鳴門線,Q861091,鳴門線,#B51E82,1916-07-01,1067,非電化,label,Wikidata Q861091（2026-10-07取得）
四国旅客鉄道,予讃線,Q575016,予讃線,#FBAF18,1889-05-23,1067,非電化|直流1500V,label,Wikidata Q575016（2026-10-07取得）
四国旅客鉄道,予土線,Q899418,予土線,#009257,1914-10-18,1067,非電化,label,Wikidata Q899418（2026-10-07取得）
四日市あすなろう鉄道,内部線,Q5355934,内部線,,1912-10-06,762,直流750V,label,Wikidata Q5355934（2026-10-07取得）
四日市あすなろう鉄道,八王子線,Q6414360,八王子線,,1912-08-15,762,直流750V,label,Wikidata Q6414360（2026-10-07取得）
鹿児島市,第一期線,Q11676686,鹿児島市電第一期線,,,,,alias,Wikidata Q11676686（2026-10-07取得）
鹿児島市,第二期線,Q11676687,鹿児島市電第二期線,,1915-12-17,1435,直流600V,alias,Wikidata Q11676687（2026-10-07取得）
鹿児島市,谷山線,Q11676688,鹿児島市電谷山線,,1912-12-01,1435,直流600V,alias,Wikidata Q11676688（2026-10-07取得）
鹿児島市,唐湊線,Q11676685,鹿児島市電唐湊線,,,1435,直流600V,alias,Wikidata Q11676685（2026-10-07取得）
鹿島臨海鉄道,大洗鹿島線,Q6374313,鹿島臨海鉄道大洗鹿島線,#FF0000,1985-03-14,1067,,alias,Wikidata Q6374313（2026-10-07取得）
芝山鉄道,芝山鉄道線,Q11254580,芝山鉄道線,,2002-10-27,1435,直流1500V,label,Wikidata Q11254580（2026-10-07取得）
若桜鉄道,若桜線,Q7960837,若桜線,,1930-01-20,1067,,label,Wikidata Q7960837（2026-10-07取得）
首都圏新都市鉄道,常磐新線,Q1377699,つくばエクスプレス,#000084,2005-08-24,1067,直流1500V|交流20kV 50Hz,alias,Wikidata Q1377699（2026-10-07取得）
秋田内陸縦貫鉄道,秋田内陸線,Q4701226,秋田内陸縦貫鉄道秋田内陸線,,1934-12-10,1067,非電化,alias,Wikidata Q4701226（2026-10-07取得）
小田急電鉄,江ノ島線,Q1063924,小田急江ノ島線,#0D82C7,1929-04-01,1067,直流1500V,alias,Wikidata Q1063924（2026-10-07取得）
小田急電鉄,小田原線,Q135176,小田急小田原線,#0D82C7,1927-04-01,1067,直流1500V,alias,Wikidata Q135176（2026-10-07取得）
小田急電鉄,多摩線,Q1063832,小田急多摩線,#0D82C7,1974-06-01,1067,直流1500V,alias,Wikidata Q1063832（2026-10-07取得）
小田急箱根,鋼索線,Q1048679,小田急箱根鋼索線,,1921-12-01,983,,suffix,Wikidata Q1048679（2026-10-07取得）
小田急箱根,鉄道線,Q1134480,小田急箱根鉄道線,#FF4500,1919-06-01,1067|1435,直流1500V|直流750V,suffix,Wikidata Q1134480（2026-10-07取得）
小湊鐵道,小湊鐵道線,Q6428347,小湊鐵道線,,1925-03-07,1067,,label,Wikidata Q6428347（2026-10-07取得）
松浦鉄道,西九州線,Q7040371,松浦鉄道西九州線,,1898-08-07,1067,非電化,alias,Wikidata Q7040371（2026-10-07取得）
湘南モノレール,江の島線,Q4390079,江の島線,,1970-03-07,,直流1500V,label,Wikidata Q4390079（2026-10-07取得）
上信電鉄,上信線,Q846501,上信電鉄上信線,#FF0000,1897-05-10,1067,直流1500V,alias,Wikidata Q846501（2026-10-07取得）
上田電鉄,別所線,Q7877419,別所線,,1921,1067,直流1500V,label,Wikidata Q7877419（2026-10-07取得）
上毛電気鉄道,上毛線,Q5362541,上毛電気鉄道上毛線,,1928-11-10,1067,直流1500V,alias,Wikidata Q5362541（2026-10-07取得）
信楽高原鐵道,信楽線,Q17230967,信楽線,,1933-05-08,1067,,label,Wikidata Q17230967（2026-10-07取得）
真岡鐵道,真岡線,Q11583119,真岡鐵道真岡線,,1912-04-01,1067,非電化,alias,Wikidata Q11583119（2026-10-07取得）
神戸市,海岸線,Q844019,神戸市営地下鉄海岸線,#0388C0,2001-06-07,1435,直流1500V,alias,Wikidata Q844019（2026-10-07取得）
神戸市,山手線,Q1066548,神戸市営地下鉄西神・山手線,#01AF98,1977-03-13,1435,直流1500V,suffix,Wikidata Q1066548（2026-10-07取得）
神戸市,西神延伸線,Q1066548,神戸市営地下鉄西神・山手線,#01AF98,1977-03-13,1435,直流1500V,alias,Wikidata Q1066548（2026-10-07取得）
神戸市,西神線,Q1066548,神戸市営地下鉄西神・山手線,#01AF98,1977-03-13,1435,直流1500V,alias,Wikidata Q1066548（2026-10-07取得）
神戸市,北神線,Q5358551,神戸市営地下鉄北神線,#CB8A07,1988-04-02,1435,直流1500V,suffix,Wikidata Q5358551（2026-10-07取得）
神戸新交通,ポートアイランド線,Q7230715,神戸新交通ポートアイランド線,#07502B,1981-02-05,,三相交流,alias,Wikidata Q7230715（2026-10-07取得）
神戸新交通,六甲アイランド線,Q7360056,六甲アイランド線,#00561B,1990-02-21,,三相交流,label,Wikidata Q7360056（2026-10-07取得）
神戸電鉄,粟生線,Q7497791,粟生線,,1936-12-28,1067,直流1500V,label,Wikidata Q7497791（2026-10-07取得）
神戸電鉄,公園都市線,Q7497794,公園都市線,,1991-10-28,1067,直流1500V,label,Wikidata Q7497794（2026-10-07取得）
神戸電鉄,三田線,Q6800409,三田線,,1928-11-28,1067,直流1500V,label,Wikidata Q6800409（2026-10-07取得）
神戸電鉄,神戸高速線,Q6961403,神戸電鉄神戸高速線,,1968-04-07,1067,直流1500V,alias,Wikidata Q6961403（2026-10-07取得）
神戸電鉄,有馬線,Q5087760,有馬線,,1928-11-28,1067,直流1500V,label,Wikidata Q5087760（2026-10-07取得）
水間鉄道,水間線,Q6884866,水間線,,1925-12-24,1067,直流1500V,label,Wikidata Q6884866（2026-10-07取得）
水島臨海鉄道,水島本線,Q11548514,水島臨海鉄道水島本線,,1948-08-20,1067,非電化,alias,Wikidata Q11548514（2026-10-07取得）
西日本鉄道,貝塚線,Q8011221,西鉄貝塚線,,1924,1067,直流1500V,alias,Wikidata Q8011221（2026-10-07取得）
西日本鉄道,甘木線,Q7040726,西鉄甘木線,#0000FF,1913,1435,直流1500V,alias,Wikidata Q7040726（2026-10-07取得）
西日本鉄道,太宰府線,Q5243658,西鉄太宰府線,,,1435,直流1500V,suffix,Wikidata Q5243658（2026-10-07取得）
西日本鉄道,天神大牟田線,Q901075,西鉄天神大牟田線,#A3D6CC,1924-04-12,1435,直流1500V,alias,Wikidata Q901075（2026-10-07取得）
西日本旅客鉄道,JR東西線,Q1072835,JR東西線,#FF1493,1997,1067,直流1500V,label,Wikidata Q1072835（2026-10-07取得）
西日本旅客鉄道,おおさか東線,Q1067370,おおさか東線,#347293,2008,1067,直流1500V,label,Wikidata Q1067370（2026-10-07取得）
西日本旅客鉄道,因美線,Q899509,因美線,#BB641D,1919-12-20,1067,非電化,label,Wikidata Q899509（2026-10-07取得）
西日本旅客鉄道,宇部線,Q5360699,宇部線,#B02857,1914,1067,直流1500V,label,Wikidata Q5360699（2026-10-07取得）
西日本旅客鉄道,宇野線,Q7897215,宇野線,#7CCCD0,1910-06-12,1067,直流1500V,label,Wikidata Q7897215（2026-10-07取得）
西日本旅客鉄道,越美北線,Q5357982,越美北線,#0072BC,1960-12-15,1067,非電化,label,Wikidata Q5357982（2026-10-07取得）
西日本旅客鉄道,加古川線,Q874467,加古川線,#00A497,1913,1067,直流1500V,label,Wikidata Q874467（2026-10-07取得）
西日本旅客鉄道,可部線,Q5368210,可部線,#09C0B0,1909-12-09,1067,直流1500V,label,Wikidata Q5368210（2026-10-07取得）
西日本旅客鉄道,関西空港線,Q942761,関西空港線,#0072BC,1994,1067,直流1500V,label,Wikidata Q942761（2026-10-07取得）
西日本旅客鉄道,関西線,Q1199703,関西本線,#F77321,1889,1067,直流1500V|非電化,label,Wikidata Q1199703（2026-10-07取得）
西日本旅客鉄道,岩徳線,Q899085,岩徳線,#00A663,1929-04-05,1067,非電化,label,Wikidata Q899085（2026-10-07取得）
西日本旅客鉄道,紀勢線,Q582803,紀勢本線,#F77321,1891-08-21,1067,非電化|直流1500V,label,Wikidata Q582803（2026-10-07取得）
西日本旅客鉄道,吉備線,Q844682,吉備線,#FFC0CB,1904-11-15,1067,非電化,label,Wikidata Q844682（2026-10-07取得）
西日本旅客鉄道,境線,Q898921,境線,#0072BC,1902-11-01,1067,非電化|直流1500V,label,Wikidata Q898921（2026-10-07取得）
西日本旅客鉄道,芸備線,Q841404,芸備線,#8F7DB9,1915-04-28,1067,非電化,label,Wikidata Q841404（2026-10-07取得）
西日本旅客鉄道,湖西線,Q599974,湖西線,#00BFFF,1974,1067,直流1500V,label,Wikidata Q599974（2026-10-07取得）
西日本旅客鉄道,呉線,Q5368697,呉線,#FF8C00,1903-12-27,1067,直流1500V,label,Wikidata Q5368697（2026-10-07取得）
西日本旅客鉄道,高山線,Q1188357,高山本線,#F77321,1920-11-01,1067,非電化,label,Wikidata Q1188357（2026-10-07取得）
西日本旅客鉄道,阪和線,Q1154800,阪和線,#FF6600,1929,1067,直流1500V,label,Wikidata Q1154800（2026-10-07取得）
西日本旅客鉄道,桜井線,Q865801,桜井線,#B11E52,1893,1067,直流1500V,label,Wikidata Q865801（2026-10-07取得）
西日本旅客鉄道,桜島線,Q1066239,桜島線,#414FA3,1961-04-25,1067,直流1500V,label,Wikidata Q1066239（2026-10-07取得）
西日本旅客鉄道,山陰線,Q1135170,山陰本線,#878DDC,1897-02-15,1067,非電化|直流1500V,label,Wikidata Q1135170（2026-10-07取得）
西日本旅客鉄道,山口線,Q851226,山口線,#F37052,1913-02-20,1067,非電化,label,Wikidata Q851226（2026-10-07取得）
西日本旅客鉄道,山陽新幹線,Q615964,山陽新幹線,#0073BC,1972-03-15,1435,交流25kV 60Hz,label,Wikidata Q615964（2026-10-07取得）
西日本旅客鉄道,山陽線,Q1193436,山陽本線,#0073BC,1888-11-01,1067,直流1500V|交流20kV 60Hz,label,Wikidata Q1193436（2026-10-07取得）
西日本旅客鉄道,七尾線,Q5357471,七尾線,#0073BC,1898-04-24,1067,直流1500V|交流20kV 60Hz,label,Wikidata Q5357471（2026-10-07取得）
西日本旅客鉄道,小浜線,Q1058227,小浜線,#0073BC,1917,1067,直流1500V,label,Wikidata Q1058227（2026-10-07取得）
西日本旅客鉄道,小野田線,Q899331,小野田線,#695FAA,1915-11-25,1067,直流1500V,label,Wikidata Q899331（2026-10-07取得）
西日本旅客鉄道,城端線,Q5357291,城端線,#1E90FF,1897-05-04,1067,非電化,label,Wikidata Q5357291（2026-10-07取得）
西日本旅客鉄道,赤穂線,Q1049803,赤穂線,#0072BC,1951-12-12,1067,直流1500V,label,Wikidata Q1049803（2026-10-07取得）
西日本旅客鉄道,草津線,Q865516,草津線,#5A9934,1889-12-15,1067,直流1500V,label,Wikidata Q865516（2026-10-07取得）
西日本旅客鉄道,大阪環状線,Q1142127,大阪環状線,#E80000,1898,1067,直流1500V,label,Wikidata Q1142127（2026-10-07取得）
西日本旅客鉄道,大糸線,Q385051,大糸線,#9370DB,1915-01-06,1067,非電化|直流1500V,label,Wikidata Q385051（2026-10-07取得）
西日本旅客鉄道,津山線,Q7850362,津山線,#FFD700,1898-12-21,1067,非電化,label,Wikidata Q7850362（2026-10-07取得）
西日本旅客鉄道,東海道線,Q1190152,東海道本線,#FFA500,1872-10-14,1067,直流1500V,label,Wikidata Q1190152（2026-10-07取得）
西日本旅客鉄道,奈良線,Q1157044,奈良線,#B67C2B,1879,1067,直流1500V,label,Wikidata Q1157044（2026-10-07取得）
西日本旅客鉄道,播但線,Q910359,播但線,#B11E52,1894-07-26,1067,非電化|直流1500V,label,Wikidata Q910359（2026-10-07取得）
西日本旅客鉄道,伯備線,Q844666,伯備線,#009933,1919-08-10,1067,直流1500V,label,Wikidata Q844666（2026-10-07取得）
西日本旅客鉄道,博多南線,Q1064188,博多南線,#0073BC,1990,1435,交流25kV 60Hz,label,Wikidata Q1064188（2026-10-07取得）
西日本旅客鉄道,美祢線,Q898907,美祢線,,1905-09-13,1067,,label,Wikidata Q898907（2026-10-07取得）
西日本旅客鉄道,姫新線,Q869221,姫新線,#E9451B,1923-08-21,1067,,label,Wikidata Q869221（2026-10-07取得）
西日本旅客鉄道,氷見線,Q5357535,氷見線,,1900-12-29,1067,非電化,label,Wikidata Q5357535（2026-10-07取得）
西日本旅客鉄道,舞鶴線,Q898812,舞鶴線,#FF8E1F,1904-11-03,1067,直流1500V,label,Wikidata Q898812（2026-10-07取得）
西日本旅客鉄道,福塩線,Q899394,福塩線,#49479E,1914-07-21,1067,非電化|直流1500V,label,Wikidata Q899394（2026-10-07取得）
西日本旅客鉄道,福知山線,Q1154538,福知山線,#FFCC00,1891-07-24,1067,直流1500V,label,Wikidata Q1154538（2026-10-07取得）
西日本旅客鉄道,片町線,Q1073379,片町線,#FF1493,1895,1067,直流1500V,label,Wikidata Q1073379（2026-10-07取得）
西日本旅客鉄道,北陸新幹線,Q1037409,北陸新幹線,#008000,1997-10-01,1435,交流25kV 50Hz|交流25kV 60Hz,label,Wikidata Q1037409（2026-10-07取得）
西日本旅客鉄道,北陸線,Q1318747,北陸本線,#0073BC,1882,1067,直流1500V,label,Wikidata Q1318747（2026-10-07取得）
西日本旅客鉄道,本四備讃線,Q4980774,本四備讃線,#0073BC,1988-03-20,1067,直流1500V,label,Wikidata Q4980774（2026-10-07取得）
西日本旅客鉄道,木次線,Q5358021,木次線,#FFD700,1916-11-11,1067,非電化,label,Wikidata Q5358021（2026-10-07取得）
西日本旅客鉄道,和歌山線,Q511543,和歌山線,#F8ABA6,1896,1067,直流1500V,label,Wikidata Q511543（2026-10-07取得）
西武鉄道,狭山線,Q1965549,西武狭山線,#FF8C00,1929-05-01,1067,直流1500V,alias,Wikidata Q1965549（2026-10-07取得）
西武鉄道,国分寺線,Q653704,西武国分寺線,#00CC00,1894,1067,直流1500V,alias,Wikidata Q653704（2026-10-07取得）
西武鉄道,山口線,Q842520,西武山口線,#EF473D,1952-07-15,762,直流750V,alias,Wikidata Q842520（2026-10-07取得）
西武鉄道,新宿線,Q195685,西武新宿線,#00CED1,1894-12-21,1067,直流1500V,alias,Wikidata Q195685（2026-10-07取得）
西武鉄道,西武園線,Q1444700,西武西武園線,#00CC00,1930,1067,直流1500V,alias,Wikidata Q1444700（2026-10-07取得）
西武鉄道,西武秩父線,Q842649,西武秩父線,#FF8C00,1969-10-14,1067,直流1500V,label,Wikidata Q842649（2026-10-07取得）
西武鉄道,西武有楽町線,Q1064840,西武有楽町線,#FF8C00,1983-10-01,1067,直流1500V,label,Wikidata Q1064840（2026-10-07取得）
西武鉄道,多摩湖線,Q218649,西武多摩湖線,#FFD700,1928,1067,直流1500V,alias,Wikidata Q218649（2026-10-07取得）
西武鉄道,多摩川線,Q133620,西武多摩川線,#FFA500,1917-10-22,1067,直流1500V,suffix,Wikidata Q133620（2026-10-07取得）
西武鉄道,池袋線,Q93546,西武池袋線,#FF8C00,1915-04-15,1067,直流1500V,alias,Wikidata Q93546（2026-10-07取得）
西武鉄道,拝島線,Q211575,西武拝島線,#00CED1,1928-11-02,1067,直流1500V,alias,Wikidata Q211575（2026-10-07取得）
西武鉄道,豊島線,Q177444,西武豊島線,#FF8C00,1927-10-15,1067,直流1500V,alias,Wikidata Q177444（2026-10-07取得）
青い森鉄道,青い森鉄道線,Q4453869,青い森鉄道線,#1E90FF,1891,1067,交流20kV 50Hz,label,Wikidata Q4453869（2026-10-07取得）
静岡鉄道,静岡清水線,Q864249,静岡清水線,,1908-05-18,1067,直流600V,label,Wikidata Q864249（2026-10-07取得）
仙台空港鉄道,仙台空港線,Q841672,仙台空港線,#2A5CAA,2007-03-18,1067,交流20kV 50Hz,label,Wikidata Q841672（2026-10-07取得）
仙台市,東西線,Q7450186,仙台市営地下鉄東西線,#00BFFF,2015-12-06,1435,直流1500V,alias,Wikidata Q7450186（2026-10-07取得）
仙台市,南北線,Q908156,仙台市営地下鉄南北線,#008000,1987-07-15,1067,直流1500V,alias,Wikidata Q908156（2026-10-07取得）
千葉都市モノレール,1号線,Q8011469,千葉都市モノレール1号線,#23AC38,1995-08-01,,直流1500V,suffix,Wikidata Q8011469（2026-10-07取得）
千葉都市モノレール,2号線,Q8011520,千葉都市モノレール2号線,#EA5413,1988-03-28,,直流1500V,suffix,Wikidata Q8011520（2026-10-07取得）
相模鉄道,相鉄いずみ野線,Q846367,相鉄いずみ野線,#FFA500,1976,1067,直流1500V,label,Wikidata Q846367（2026-10-07取得）
相模鉄道,相鉄新横浜線,Q74129112,相鉄新横浜線,#041452,2019-11-30,1067,直流1500V,label,Wikidata Q74129112（2026-10-07取得）
相模鉄道,相鉄本線,Q846361,相鉄本線,#1E90FF,1926-02-14,1067,直流1500V,label,Wikidata Q846361（2026-10-07取得）
多摩都市モノレール,多摩都市モノレール線,Q1142205,多摩都市モノレール線,,1998-11-27,,直流1500V,label,Wikidata Q1142205（2026-10-07取得）
大井川鐵道,井川線,Q1658081,大井川鐵道井川線,,1935-03-20,1067,直流1500V,alias,Wikidata Q1658081（2026-10-07取得）
大井川鐵道,大井川本線,Q8081507,大井川本線,,1927-06-10,1067,直流1500V,label,Wikidata Q8081507（2026-10-07取得）
大阪モノレール,国際文化公園都市モノレール線(彩都線),Q7105584,国際文化公園都市モノレール線,#0A58A2,1998-10-01,,直流1500V,alias,Wikidata Q7105584（2026-10-07取得）
大阪モノレール,大阪モノレール線,Q5360346,大阪モノレール本線,#0A58A2,1990-06-01,,直流1500V,label,Wikidata Q5360346（2026-10-07取得）
大阪市高速電気軌道,1号線(御堂筋線),Q1192413,御堂筋線,#E5171F,1933-05-20,1435,直流750V,label,Wikidata Q1192413（2026-10-07取得）
大阪市高速電気軌道,2号線(谷町線),Q1142773,谷町線,#522886,1967-03-24,1435,直流750V,label,Wikidata Q1142773（2026-10-07取得）
大阪市高速電気軌道,3号線(四つ橋線),Q1067748,四つ橋線,#0078BE,1942-05-10,1435,直流750V,label,Wikidata Q1067748（2026-10-07取得）
大阪市高速電気軌道,4号線(中央線),Q907700,中央線,#019A66,1961-12-11,1435,直流750V,label,Wikidata Q907700（2026-10-07取得）
大阪市高速電気軌道,5号線(千日前線),Q1073354,千日前線,#E44D93,1969-04-16,1435,直流750V,label,Wikidata Q1073354（2026-10-07取得）
大阪市高速電気軌道,6号線(堺筋線),Q1143250,堺筋線,#814721,1969-12-06,1435,直流1500V,label,Wikidata Q1143250（2026-10-07取得）
大阪市高速電気軌道,7号線(長堀鶴見緑地線),Q284828,長堀鶴見緑地線,#A9CC51,1990-03-31,1435,直流1500V,label,Wikidata Q284828（2026-10-07取得）
大阪市高速電気軌道,8号線(今里筋線),Q1066118,今里筋線,#EE7B1A,2006-12-24,1435,直流1500V,label,Wikidata Q1066118（2026-10-07取得）
大阪市高速電気軌道,南港ポートタウン線,Q1073366,南港ポートタウン線,#00A0DE,1981-03-16,,三相交流,label,Wikidata Q1073366（2026-10-07取得）
大山観光電鉄,大山鋼索線,Q864604,大山観光電鉄大山鋼索線,,1931-08-01,1067,,suffix,Wikidata Q864604（2026-10-07取得）
樽見鉄道,樽見線,Q7686917,樽見鉄道樽見線,,1956-03-20,1067,非電化,alias,Wikidata Q7686917（2026-10-07取得）
丹後海陸交通,天橋立鋼索鉄道,Q4739917,天橋立鋼索鉄道,,1927-08-13,1067,,label,Wikidata Q4739917（2026-10-07取得）
智頭急行,智頭線,Q11514807,智頭急行智頭線,#122299,1994-12-03,1067,,alias,Wikidata Q11514807（2026-10-07取得）
筑波観光鉄道,筑波山鋼索鉄道線,Q6924212,筑波山鋼索鉄道線,,1925-10-12,1067,,label,Wikidata Q6924212（2026-10-07取得）
筑豊電気鉄道,筑豊電気鉄道線,Q5097496,筑豊電気鉄道線,,1956-03-21,1435,直流600V,label,Wikidata Q5097496（2026-10-07取得）
秩父鉄道,秩父本線,Q5096033,秩父鉄道秩父本線,#4169E1,1901-10-07,1067,直流1500V,alias,Wikidata Q5096033（2026-10-07取得）
銚子電気鉄道,銚子電気鉄道線,Q852207,銚子電気鉄道線,#8B0000,1913-12-28,1067,直流600V,label,Wikidata Q852207（2026-10-07取得）
長崎電気軌道,蛍茶屋支線,Q133802895,長崎電気軌道蛍茶屋支線,,1934-12-20,1435,直流600V,alias,Wikidata Q133802895（2026-10-07取得）
長崎電気軌道,桜町支線,Q133802892,長崎電気軌道桜町支線,,1919-12-25,1435,直流600V,alias,Wikidata Q133802892（2026-10-07取得）
長崎電気軌道,赤迫支線,Q133802885,長崎電気軌道赤迫支線,,1960-05-08,1435,直流600V,alias,Wikidata Q133802885（2026-10-07取得）
長崎電気軌道,大浦支線,Q133802887,長崎電気軌道大浦支線,,1916-12-27,1435,直流600V,alias,Wikidata Q133802887（2026-10-07取得）
長崎電気軌道,本線,Q133802883,長崎電気軌道本線,,1915-11-16,1435,直流600V,suffix,Wikidata Q133802883（2026-10-07取得）
長野電鉄,長野線,Q8579636,長野電鉄長野線,#FF0000,1923-03-26,1067,直流1500V,alias,Wikidata Q8579636（2026-10-07取得）
長良川鉄道,越美南線,Q4426321,長良川鉄道越美南線,#FF1493,1923-10-05,1067,非電化,alias,Wikidata Q4426321（2026-10-07取得）
津軽鉄道,津軽鉄道線,Q7849980,津軽鉄道線,,1930-07-15,1067,非電化,label,Wikidata Q7849980（2026-10-07取得）
天竜浜名湖鉄道,天竜浜名湖線,Q5361916,天竜浜名湖鉄道天竜浜名湖線,#4D7F54,1936-04-17,1067,非電化,alias,Wikidata Q5361916（2026-10-07取得）
土佐くろしお鉄道,阿佐線,Q7827541,土佐くろしお鉄道ごめん・なはり線,,2002-07-01,1067,非電化,alias,Wikidata Q7827541（2026-10-07取得）
土佐くろしお鉄道,宿毛線,Q7827545,土佐くろしお鉄道宿毛線,,1997-10-01,1067,非電化,alias,Wikidata Q7827545（2026-10-07取得）
土佐くろしお鉄道,中村線,Q7827544,土佐くろしお鉄道中村線,,1963-12-18,1067,非電化,alias,Wikidata Q7827544（2026-10-07取得）
島原鉄道,島原鉄道線,Q7496810,島原鉄道線,,1911-06-20,1067,非電化,label,Wikidata Q7496810（2026-10-07取得）
東海旅客鉄道,関西線,Q11656377,関西線,#F77321,1982,,,label,Wikidata Q11656377（2026-10-07取得）
東海旅客鉄道,紀勢線,Q582803,紀勢本線,#F77321,1891-08-21,1067,非電化|直流1500V,label,Wikidata Q582803（2026-10-07取得）
東海旅客鉄道,御殿場線,Q667927,御殿場線,#40743C,1889-02-01,1067,直流1500V,label,Wikidata Q667927（2026-10-07取得）
東海旅客鉄道,高山線,Q1188357,高山本線,#F77321,1920-11-01,1067,非電化,label,Wikidata Q1188357（2026-10-07取得）
東海旅客鉄道,参宮線,Q872023,参宮線,#F77321,1911-07-21,1067,非電化,label,Wikidata Q872023（2026-10-07取得）
東海旅客鉄道,身延線,Q162747,身延線,#6F2D98,1913-07-20,1067,直流1500V,label,Wikidata Q162747（2026-10-07取得）
東海旅客鉄道,太多線,Q870995,太多線,#BFBA2F,1918-12-28,1067,非電化,label,Wikidata Q870995（2026-10-07取得）
東海旅客鉄道,中央線,Q1078110,中央本線,#0B8E0E,1889-04-11,1067,直流1500V,label,Wikidata Q1078110（2026-10-07取得）
東海旅客鉄道,東海道新幹線,Q660895,東海道新幹線,#0000CD,1964-10-01,1435,交流25kV 60Hz,label,Wikidata Q660895（2026-10-07取得）
東海旅客鉄道,東海道線,Q1190152,東海道本線,#FFA500,1872-10-14,1067,直流1500V,label,Wikidata Q1190152（2026-10-07取得）
東海旅客鉄道,飯田線,Q771305,飯田線,#75A2DB,1897-07-15,1067,直流1500V,label,Wikidata Q771305（2026-10-07取得）
東海旅客鉄道,武豊線,Q871587,武豊線,,1886-03-01,1067,直流1500V,label,Wikidata Q871587（2026-10-07取得）
東海旅客鉄道,名松線,Q5359442,名松線,#FF7F00,1929-08-25,1067,非電化,label,Wikidata Q5359442（2026-10-07取得）
東急電鉄,こどもの国線,Q842701,東急こどもの国線,#0068B7,1967-04-28,1067,直流1500V,alias,Wikidata Q842701（2026-10-07取得）
東急電鉄,世田谷線,Q339069,東急世田谷線,#FCC800,1925-01-18,1372,直流600V,suffix,Wikidata Q339069（2026-10-07取得）
東急電鉄,大井町線,Q384995,東急大井町線,#FFA500,1927-07-06,1067,直流1500V,alias,Wikidata Q384995（2026-10-07取得）
東急電鉄,池上線,Q1192388,東急池上線,#EE86A7,1922-10-06,1067,直流1500V,alias,Wikidata Q1192388（2026-10-07取得）
東急電鉄,田園都市線,Q1190086,東急田園都市線,#2E8B57,1963-10-11,1067,直流1500V,alias,Wikidata Q1190086（2026-10-07取得）
東急電鉄,東横線,Q1192468,東急東横線,#DC143C,1926-02-14,1067,直流1500V,alias,Wikidata Q1192468（2026-10-07取得）
東急電鉄,東急新横浜線,Q114593970,東急新横浜線,#890D84,2023-03,1067,直流1500V,label,Wikidata Q114593970（2026-10-07取得）
東急電鉄,東急多摩川線,Q379292,東急多摩川線,#800080,2000-08-06,1067,直流1500V,label,Wikidata Q379292（2026-10-07取得）
東急電鉄,目黒線,Q283861,東急目黒線,#1E90FF,1923-03-11,1067,直流1500V,alias,Wikidata Q283861（2026-10-07取得）
東京モノレール,東京モノレール羽田空港線,Q8015774,東京モノレール羽田空港線,#26326A,1964-09-17,,直流750V,label,Wikidata Q8015774（2026-10-07取得）
東京地下鉄,11号線半蔵門線,Q1376030,東京メトロ半蔵門線,#8F75D6,1978-08-01,1067,直流1500V,alias,Wikidata Q1376030（2026-10-07取得）
東京地下鉄,13号線副都心線,Q1332908,東京メトロ副都心線,#9C5D31,1994-12-07,1067,直流1500V,alias,Wikidata Q1332908（2026-10-07取得）
東京地下鉄,2号線日比谷線,Q1196223,東京メトロ日比谷線,#A0ACAD,1961-03-28,1067,直流1500V,alias,Wikidata Q1196223（2026-10-07取得）
東京地下鉄,3号線銀座線,Q1073046,東京メトロ銀座線,#FF9501,1927-12-30,1435,直流600V,alias,Wikidata Q1073046（2026-10-07取得）
東京地下鉄,4号線丸ノ内線,Q1147028,東京メトロ丸ノ内線,#F62F36,1954-01-20,1435,直流600V,alias,Wikidata Q1147028（2026-10-07取得）
東京地下鉄,5号線東西線,Q1147054,東京メトロ東西線,#019BBF,1964-12-23,1067,直流1500V,alias,Wikidata Q1147054（2026-10-07取得）
東京地下鉄,7号線南北線,Q520772,東京メトロ南北線,#00AD9C,1991-11-29,1067,直流1500V,alias,Wikidata Q520772（2026-10-07取得）
東京地下鉄,8号線有楽町線,Q787305,東京メトロ有楽町線,#BB8B38,1974-10-30,1067,直流1500V,alias,Wikidata Q787305（2026-10-07取得）
東京地下鉄,9号線千代田線,Q1075089,東京メトロ千代田線,#00A650,1969-12-20,1067,直流1500V,alias,Wikidata Q1075089（2026-10-07取得）
東京都,10号線新宿線,Q1374502,都営地下鉄新宿線,#B0BF1E,1978-12-21,1372,直流1500V,alias,Wikidata Q1374502（2026-10-07取得）
東京都,12号線大江戸線,Q384862,都営地下鉄大江戸線,#CF035A,1991-12-10,1435,直流1500V,alias,Wikidata Q384862（2026-10-07取得）
東京都,1号線浅草線,Q720653,都営地下鉄浅草線,#EF5BA1,1960-12-04,1435,直流1500V,alias,Wikidata Q720653（2026-10-07取得）
東京都,6号線三田線,Q1374506,都営地下鉄三田線,#0080C6,1968-12-27,1067,直流1500V,alias,Wikidata Q1374506（2026-10-07取得）
東京都,荒川線,Q1064795,都電荒川線,#EE86A7,1911-08-20,1372,直流600V,alias,Wikidata Q1064795（2026-10-07取得）
東京都,日暮里・舎人ライナー,Q910032,日暮里・舎人ライナー,#FF69B4,2008-03-30,,三相交流,label,Wikidata Q910032（2026-10-07取得）
東京臨海高速鉄道,臨海副都心線,Q225095,東京臨海高速鉄道りんかい線,#00389E,1996-03-30,1067,直流1500V,alias,Wikidata Q225095（2026-10-07取得）
東日本旅客鉄道,伊東線,Q1049129,伊東線,#22AA33,1935-03-30,1067,直流1500V,label,Wikidata Q1049129（2026-10-07取得）
東日本旅客鉄道,烏山線,Q1067927,烏山線,#008000,1923-04-15,1067,非電化,label,Wikidata Q1067927（2026-10-07取得）
東日本旅客鉄道,羽越線,Q1056211,羽越本線,#16C0E9,1912-09-02,1067,直流1500V|交流20kV 50Hz,label,Wikidata Q1056211（2026-10-07取得）
東日本旅客鉄道,越後線,Q188250,越後線,#008000,1912-08-25,1067,直流1500V,label,Wikidata Q188250（2026-10-07取得）
東日本旅客鉄道,奥羽線,Q386495,奥羽本線,#EE7B28,1894-12-01,1067|1435,交流20kV 50Hz,label,Wikidata Q386495（2026-10-07取得）
東日本旅客鉄道,横須賀線,Q1332317,横須賀線,#000080,1889-06-16,1067,直流1500V,label,Wikidata Q1332317（2026-10-07取得）
東日本旅客鉄道,横浜線,Q1369102,横浜線,#7FC342,1908-09-23,1067,直流1500V,label,Wikidata Q1369102（2026-10-07取得）
東日本旅客鉄道,花輪線,Q899009,花輪線,#FF0000,1914-07-01,1067,非電化,label,Wikidata Q899009（2026-10-07取得）
東日本旅客鉄道,外房線,Q670656,外房線,#FF4500,1896-01-20,1067,直流1500V,label,Wikidata Q670656（2026-10-07取得）
東日本旅客鉄道,釜石線,Q1045420,釜石線,#3399FF,1913-10-25,1067,非電化,label,Wikidata Q1045420（2026-10-07取得）
東日本旅客鉄道,気仙沼線,Q872533,気仙沼線,#3B459B,1957-02-11,1067,非電化,label,Wikidata Q872533（2026-10-07取得）
東日本旅客鉄道,久留里線,Q498157,久留里線,#00CED1,1912-12-28,1067,非電化,label,Wikidata Q498157（2026-10-07取得）
東日本旅客鉄道,京葉線,Q741145,京葉線,#DC143C,1975-05-10,1067,直流1500V,label,Wikidata Q741145（2026-10-07取得）
東日本旅客鉄道,五日市線,Q1323839,五日市線,#F15A22,1925-04-21,1067,直流1500V,label,Wikidata Q1323839（2026-10-07取得）
東日本旅客鉄道,五能線,Q872902,五能線,#003399,1908-07-01,1067,非電化,label,Wikidata Q872902（2026-10-07取得）
東日本旅客鉄道,吾妻線,Q391568,吾妻線,#0F5474,1945-01-02,1067,直流1500V,label,Wikidata Q391568（2026-10-07取得）
東日本旅客鉄道,高崎線,Q1346657,高崎線,#FF8C00,1883-07-28,1067,直流1500V,label,Wikidata Q1346657（2026-10-07取得）
東日本旅客鉄道,根岸線,Q1194511,根岸線,#00BFFF,1872-06-12,1067,直流1500V,label,Wikidata Q1194511（2026-10-07取得）
東日本旅客鉄道,左沢線,Q877009,左沢線,#0073BF,1921-07-20,1067,非電化,label,Wikidata Q877009（2026-10-07取得）
東日本旅客鉄道,山手線,Q693036,山手線,#9ACD32,1885-03-01,1067,直流1500V,label,Wikidata Q693036（2026-10-07取得）
東日本旅客鉄道,山田線,Q1056040,山田線,#A52A2A,1923-10-10,1067,非電化,label,Wikidata Q1056040（2026-10-07取得）
東日本旅客鉄道,鹿島線,Q5370725,鹿島線,#C56E2E,1970-08-20,1067,直流1500V,label,Wikidata Q5370725（2026-10-07取得）
東日本旅客鉄道,篠ノ井線,Q843201,篠ノ井線,#F15A22,1900-11-01,1067,直流1500V,label,Wikidata Q843201（2026-10-07取得）
東日本旅客鉄道,小海線,Q1056228,小海線,#008000,1919-08-08,1067,非電化,label,Wikidata Q1056228（2026-10-07取得）
東日本旅客鉄道,上越新幹線,Q912219,上越新幹線,#008000,1982-11-15,1435,交流25kV 50Hz,label,Wikidata Q912219（2026-10-07取得）
東日本旅客鉄道,上越線,Q1135061,上越線,#00BFFF,1920-11-01,1067,直流1500V,label,Wikidata Q1135061（2026-10-07取得）
東日本旅客鉄道,常磐線,Q1369263,常磐線,#0000FF,1889-01-16,1067,直流1500V|交流20kV 50Hz,label,Wikidata Q1369263（2026-10-07取得）
東日本旅客鉄道,信越線,Q1038051,信越本線,#9ACD32,1885,1067,直流1500V,label,Wikidata Q1038051（2026-10-07取得）
東日本旅客鉄道,水郡線,Q1056202,水郡線,#008000,1897-11-16,1067,非電化,label,Wikidata Q1056202（2026-10-07取得）
東日本旅客鉄道,水戸線,Q302388,水戸線,#0000FF,1889-01-16,1067,直流1500V|交流20kV 50Hz,label,Wikidata Q302388（2026-10-07取得）
東日本旅客鉄道,成田線,Q1070027,成田線,,1897-01-19,1067,直流1500V,label,Wikidata Q1070027（2026-10-07取得）
東日本旅客鉄道,青梅線,Q385398,青梅線,#F15A22,1894-11-19,1067,直流1500V,label,Wikidata Q385398（2026-10-07取得）
東日本旅客鉄道,石巻線,Q1058854,石巻線,#FFA0C0,1912-10-28,1067,非電化,label,Wikidata Q1058854（2026-10-07取得）
東日本旅客鉄道,赤羽線,Q413735,赤羽線,#00AC9A,1885-03-01,1067,直流1500V,label,Wikidata Q413735（2026-10-07取得）
東日本旅客鉄道,仙山線,Q1051995,仙山線,#72BC4A,1929-09-29,1067,交流20kV 50Hz,label,Wikidata Q1051995（2026-10-07取得）
東日本旅客鉄道,仙石線,Q1134623,仙石線,#00BFFF,1925-06-05,1067,直流1500V,label,Wikidata Q1134623（2026-10-07取得）
東日本旅客鉄道,川越線,Q1195907,川越線,#2E8B57,1940-07-22,1067,直流1500V,label,Wikidata Q1195907（2026-10-07取得）
東日本旅客鉄道,相模線,Q1208633,相模線,#339999,1921-09-28,1067,直流1500V,label,Wikidata Q1208633（2026-10-07取得）
東日本旅客鉄道,総武線,Q1191364,総武本線,#FFC20D,1894-07-20,1067,直流1500V,label,Wikidata Q1191364（2026-10-07取得）
東日本旅客鉄道,大糸線,Q385051,大糸線,#9370DB,1915-01-06,1067,非電化|直流1500V,label,Wikidata Q385051（2026-10-07取得）
東日本旅客鉄道,大船渡線,Q1057758,大船渡線,#FF6600,1925-07-26,1067,非電化,label,Wikidata Q1057758（2026-10-07取得）
東日本旅客鉄道,大湊線,Q874503,大湊線,#808080,1921-03-20,1067,非電化,label,Wikidata Q874503（2026-10-07取得）
東日本旅客鉄道,只見線,Q1054717,只見線,#1E90FF,1926-10-15,1067,非電化,label,Wikidata Q1054717（2026-10-07取得）
東日本旅客鉄道,男鹿線,Q5358422,男鹿線,#008000,1913-11-09,1067,非電化,label,Wikidata Q5358422（2026-10-07取得）
東日本旅客鉄道,中央線,Q1078110,中央本線,#0B8E0E,1889-04-11,1067,直流1500V,label,Wikidata Q1078110（2026-10-07取得）
東日本旅客鉄道,津軽線,Q59514,津軽線,,1951-12-05,1067,非電化|交流20kV 50Hz,label,Wikidata Q59514（2026-10-07取得）
東日本旅客鉄道,鶴見線,Q1195170,鶴見線,#FFFF00,1926-03-10,1067,直流1500V,label,Wikidata Q1195170（2026-10-07取得）
東日本旅客鉄道,田沢湖線,Q648763,田沢湖線,#DA70D6,1921-06-21,1435,交流20kV 50Hz,label,Wikidata Q648763（2026-10-07取得）
東日本旅客鉄道,東海道線,Q11176477,東海道線,#F68B1E,1872-10-14,1067,直流1500V,label,Wikidata Q11176477（2026-10-07取得）
東日本旅客鉄道,東金線,Q1150161,東金線,#FF8C00,1900-06-30,1067,直流1500V,label,Wikidata Q1150161（2026-10-07取得）
東日本旅客鉄道,東北新幹線,Q900665,東北新幹線,#008000,1982-06-23,1435,交流25kV 50Hz,label,Wikidata Q900665（2026-10-07取得）
東日本旅客鉄道,東北線,Q681190,東北本線,#3CB371,1883-07-28,1067,直流1500V|交流20kV 50Hz,label,Wikidata Q681190（2026-10-07取得）
東日本旅客鉄道,内房線,Q1142964,内房線,#00BFFF,1912-03-28,1067,直流1500V,label,Wikidata Q1142964（2026-10-07取得）
東日本旅客鉄道,南武線,Q1366263,南武線,#FFD400,1927,1067,直流1500V,label,Wikidata Q1366263（2026-10-07取得）
東日本旅客鉄道,日光線,Q1325668,日光線,#A52A2A,1889-06-01,1067,直流1500V,label,Wikidata Q1325668（2026-10-07取得）
東日本旅客鉄道,白新線,Q1057102,白新線,#FF69B4,1952-12-23,1067,直流1500V,label,Wikidata Q1057102（2026-10-07取得）
東日本旅客鉄道,八戸線,Q899160,八戸線,#FF0000,1894-01-04,1067,非電化,label,Wikidata Q899160（2026-10-07取得）
東日本旅客鉄道,八高線,Q1372071,八高線,#A9A9A9,1931-07-01,1067,非電化|直流1500V,label,Wikidata Q1372071（2026-10-07取得）
東日本旅客鉄道,飯山線,Q898592,飯山線,#7BC24B,1921-10-20,1067,非電化,label,Wikidata Q898592（2026-10-07取得）
東日本旅客鉄道,磐越西線,Q807038,磐越西線,#A0522D,1898-07-26,1067,非電化|交流20kV 50Hz,label,Wikidata Q807038（2026-10-07取得）
東日本旅客鉄道,磐越東線,Q807037,磐越東線,#800080,1914-07-21,1067,,label,Wikidata Q807037（2026-10-07取得）
東日本旅客鉄道,武蔵野線,Q1191671,武蔵野線,#FF4500,1973-04-01,1067,直流1500V,label,Wikidata Q1191671（2026-10-07取得）
東日本旅客鉄道,米坂線,Q1057090,米坂線,#9370DB,1926-09-28,1067,非電化,label,Wikidata Q1057090（2026-10-07取得）
東日本旅客鉄道,北上線,Q873082,北上線,#9966FF,1924-10-10,1067,非電化,label,Wikidata Q873082（2026-10-07取得）
東日本旅客鉄道,北陸新幹線,Q1037409,北陸新幹線,#008000,1997-10-01,1435,交流25kV 50Hz|交流25kV 60Hz,label,Wikidata Q1037409（2026-10-07取得）
東日本旅客鉄道,弥彦線,Q1043958,弥彦線,#4B0082,1916-10-16,1067,直流1500V,label,Wikidata Q1043958（2026-10-07取得）
東日本旅客鉄道,陸羽西線,Q874056,陸羽西線,#33DD66,1913-12-07,1067,非電化,label,Wikidata Q874056（2026-10-07取得）
東日本旅客鉄道,陸羽東線,Q872935,陸羽東線,#808080,1913-04-13,1067,非電化,label,Wikidata Q872935（2026-10-07取得）
東日本旅客鉄道,両毛線,Q253391,両毛線,#FFD400,1884-08-20,1067,直流1500V,label,Wikidata Q253391（2026-10-07取得）
東武鉄道,宇都宮線,Q3449834,東武宇都宮線,#FFA500,1931-08-11,1067,直流1500V,alias,Wikidata Q3449834（2026-10-07取得）
東武鉄道,越生線,Q2782450,東武越生線,#004DA3,1932-02-17,1067,直流1500V,alias,Wikidata Q2782450（2026-10-07取得）
東武鉄道,鬼怒川線,Q3808742,東武鬼怒川線,#FFA500,1917-01-02,1067,直流1500V,alias,Wikidata Q3808742（2026-10-07取得）
東武鉄道,亀戸線,Q2791146,東武亀戸線,#1E90FF,1904-04-05,1067,直流1500V,alias,Wikidata Q2791146（2026-10-07取得）
東武鉄道,桐生線,Q3808746,東武桐生線,#FF0000,1911,1067,直流1500V,alias,Wikidata Q3808746（2026-10-07取得）
東武鉄道,佐野線,Q842528,東武佐野線,#E71212,1889-06-23,1067,直流1500V,alias,Wikidata Q842528（2026-10-07取得）
東武鉄道,小泉線,Q1049699,東武小泉線,#FF0000,1917-03-12,1067,直流1500V,alias,Wikidata Q1049699（2026-10-07取得）
東武鉄道,大師線,Q2913662,東武大師線,#1E90FF,1931-12-20,1067,直流1500V,alias,Wikidata Q2913662（2026-10-07取得）
東武鉄道,東上本線,Q1040703,東武東上本線,#004098,1914-05-01,1067,直流1500V,alias,Wikidata Q1040703（2026-10-07取得）
東武鉄道,日光線,Q845954,東武日光線,#F68B1E,1929-04-01,1067,直流1500V,alias,Wikidata Q845954（2026-10-07取得）
東武鉄道,野田線,Q76804,東武アーバンパークライン,#00BFFF,1911-05-09,1067,直流1500V,alias,Wikidata Q76804（2026-10-07取得）
東葉高速鉄道,東葉高速線,Q843148,東葉高速線,#00B16B,1996-04-27,1067,直流1500V,label,Wikidata Q843148（2026-10-07取得）
道南いさりび鉄道,道南いさりび鉄道線,Q23542772,道南いさりび鉄道線,,1913-09-15,1067,交流20kV 50Hz|交流25kV 50Hz,label,Wikidata Q23542772（2026-10-07取得）
南阿蘇鉄道,高森線,Q6863067,南阿蘇鉄道高森線,,1928-02-12,1067,非電化,alias,Wikidata Q6863067（2026-10-07取得）
南海電気鉄道,加太線,Q76809,南海加太線,#0065AF,1912-06-16,1067,直流1500V,alias,Wikidata Q76809（2026-10-07取得）
南海電気鉄道,空港線,Q4300847,南海空港線,#594BAC,1994-06-15,1067,直流1500V,suffix,Wikidata Q4300847（2026-10-07取得）
南海電気鉄道,鋼索線,Q6963724,南海鋼索線,#11823C,1930-06-29,1067,,suffix,Wikidata Q6963724（2026-10-07取得）
南海電気鉄道,高師浜線,Q4358566,南海高師浜線,#0065AF,1918-10-02,1067,直流1500V,alias,Wikidata Q4358566（2026-10-07取得）
南海電気鉄道,高野線,Q71986,南海高野線,#009A41,1898-01-30,1067,直流1500V,alias,Wikidata Q71986（2026-10-07取得）
南海電気鉄道,泉北線,Q2758012,南海泉北線,#1E90FF,1971-04-01,1067,直流1500V,suffix,Wikidata Q2758012（2026-10-07取得）
南海電気鉄道,多奈川線,Q4792811,南海多奈川線,#0065AF,1944-05-31,1067,直流1500V,alias,Wikidata Q4792811（2026-10-07取得）
南海電気鉄道,南海本線,Q59453,南海本線,#0065AF,1885-12-29,1067,直流1500V,label,Wikidata Q59453（2026-10-07取得）
南海電気鉄道,和歌山港線,Q11408172,南海和歌山港線,#0065AF,1956-05-06,1067,直流1500V,alias,Wikidata Q11408172（2026-10-07取得）
能勢電鉄,日生線,Q11611941,日生線,#277C35,1978-12-12,1435,直流1500V,label,Wikidata Q11611941（2026-10-07取得）
能勢電鉄,妙見線,Q15223648,妙見線,#277C35,1913,1435,直流1500V,label,Wikidata Q15223648（2026-10-07取得）
函館市,大森線,Q123399097,函館市電大森線,,,1372,,alias,Wikidata Q123399097（2026-10-07取得）
函館市,湯の川線,Q123371457,函館市電湯の川線,,,1372,,alias,Wikidata Q123371457（2026-10-07取得）
函館市,宝来・谷地頭線,Q123421270,函館市電宝来・谷地頭線,,,1372,,alias,Wikidata Q123421270（2026-10-07取得）
函館市,本線,Q116458367,函館市電本線,,,1372,,alias,Wikidata Q116458367（2026-10-07取得）
比叡山鉄道,比叡山鉄道線,Q7402803,比叡山鉄道線,,1927-03-15,1067,,label,Wikidata Q7402803（2026-10-07取得）
肥薩おれんじ鉄道,肥薩おれんじ鉄道線,Q5360928,肥薩おれんじ鉄道線,,2004-03-13,1067,交流20kV 60Hz,label,Wikidata Q5360928（2026-10-07取得）
富山地方鉄道,安野屋線,Q130345268,富山地方鉄道富山軌道線安野屋線,,,,,suffix,Wikidata Q130345268（2026-10-07取得）
富山地方鉄道,呉羽線,Q130345319,富山地方鉄道富山軌道線呉羽線,,,,,suffix,Wikidata Q130345319（2026-10-07取得）
富山地方鉄道,支線,Q124956590,富山地方鉄道富山軌道線支線,,,,,suffix,Wikidata Q124956590（2026-10-07取得）
富山地方鉄道,上滝線,Q7830572,富山地方鉄道上滝線,,1921,1067,直流1500V,alias,Wikidata Q7830572（2026-10-07取得）
富山地方鉄道,不二越線,Q7830571,富山地方鉄道不二越線,,,1067,直流1500V,alias,Wikidata Q7830571（2026-10-07取得）
富山地方鉄道,富山駅南北接続線,Q124956345,富山地方鉄道富山駅南北接続線,,,,,alias,Wikidata Q124956345（2026-10-07取得）
富山地方鉄道,富山港線,Q7830581,富山港線,,1924-07-23,1067,直流600V,label,Wikidata Q7830581（2026-10-07取得）
富山地方鉄道,富山都心線,Q130345342,富山地方鉄道富山軌道線富山都心線,,,,,suffix,Wikidata Q130345342（2026-10-07取得）
富山地方鉄道,立山線,Q7830575,富山地方鉄道立山線,,,1067,直流1500V,alias,Wikidata Q7830575（2026-10-07取得）
富士山麓電気鉄道,河口湖線,Q5507433,富士急行線,#0000FF,1900-09-21,1067,直流1500V,alias,Wikidata Q5507433（2026-10-07取得）
富士山麓電気鉄道,大月線,Q5507433,富士急行線,#0000FF,1900-09-21,1067,直流1500V,alias,Wikidata Q5507433（2026-10-07取得）
舞浜リゾートライン,ディズニーリゾートライン,Q1143216,舞浜リゾートラインディズニーリゾートライン線,,2001-07-27,,直流1500V,alias,Wikidata Q1143216（2026-10-07取得）
福井鉄道,福武線,Q3537109,福武線,#008000,1924-02-23,1067,直流600V,label,Wikidata Q3537109（2026-10-07取得）
福岡市,1号線(空港線),Q908188,空港線,#E05511,1981-07-26,1067,直流1500V,label,Wikidata Q908188（2026-10-07取得）
福岡市,2号線(箱崎線),Q1073881,箱崎線,#0077CC,1982-04-20,1067,直流1500V,label,Wikidata Q1073881（2026-10-07取得）
福岡市,3号線(七隈線),Q1039166,七隈線,#00936B,2005-02-03,1435,直流1500V,label,Wikidata Q1039166（2026-10-07取得）
福島交通,飯坂線,Q5507732,福島交通飯坂線,#0066FF,1924-04-13,1067,直流1500V,alias,Wikidata Q5507732（2026-10-07取得）
平成筑豊鉄道,伊田線,Q11482937,伊田線,,,1067,,label,Wikidata Q11482937（2026-10-07取得）
平成筑豊鉄道,糸田線,Q11482939,糸田線,,,1067,非電化,label,Wikidata Q11482939（2026-10-07取得）
平成筑豊鉄道,田川線,Q11482938,田川線,,,1067,非電化,label,Wikidata Q11482938（2026-10-07取得）
平成筑豊鉄道,門司港レトロ観光線,Q11482941,門司港レトロ観光線,#FFA500,2009-04-26,,,label,Wikidata Q11482941（2026-10-07取得）
豊橋鉄道,渥美線,Q7830661,渥美線,#008080,1924-01-22,1067,直流1500V,label,Wikidata Q7830661（2026-10-07取得）
北越急行,ほくほく線,Q845455,ほくほく線,#C71585,1997-03-22,1067,直流1500V,label,Wikidata Q845455（2026-10-07取得）
北海道旅客鉄道,釧網線,Q550432,釧網本線,#EF59A1,1924,1067,非電化,label,Wikidata Q550432（2026-10-07取得）
北海道旅客鉄道,根室線,Q1151791,根室本線,#8CC63E,1901,1067,非電化,label,Wikidata Q1151791（2026-10-07取得）
北海道旅客鉄道,札沼線,Q1074233,札沼線,#008000,1981,1067,交流20kV 50Hz,label,Wikidata Q1074233（2026-10-07取得）
北海道旅客鉄道,室蘭線,Q1074252,室蘭本線,#2CB431,1892,1067,交流20kV 50Hz,label,Wikidata Q1074252（2026-10-07取得）
北海道旅客鉄道,宗谷線,Q1064077,宗谷本線,#954A35,1898,1067,非電化|交流20kV 50Hz,label,Wikidata Q1064077（2026-10-07取得）
北海道旅客鉄道,石勝線,Q1136178,石勝線,#9ACD32,1892-11-01,1067,,label,Wikidata Q1136178（2026-10-07取得）
北海道旅客鉄道,石北線,Q947589,石北本線,#FFA500,1932,1067,非電化,label,Wikidata Q947589（2026-10-07取得）
北海道旅客鉄道,千歳線,Q1074266,千歳線,#0072BC,1926,1067,交流20kV 50Hz,label,Wikidata Q1074266（2026-10-07取得）
北海道旅客鉄道,日高線,Q673965,日高本線,#2CB431,1913-10,1067,,label,Wikidata Q673965（2026-10-07取得）
北海道旅客鉄道,函館線,Q1151119,函館本線,#2CB431,1898,1067,非電化|交流20kV 50Hz,label,Wikidata Q1151119（2026-10-07取得）
北海道旅客鉄道,富良野線,Q1039041,富良野線,#AA5EA6,1899,1067,,label,Wikidata Q1039041（2026-10-07取得）
北海道旅客鉄道,北海道新幹線,Q1364115,北海道新幹線,#2CB431,2016-03-26,1435,交流25kV 50Hz,label,Wikidata Q1364115（2026-10-07取得）
北九州高速鉄道,小倉線,Q10855763,北九州高速鉄道小倉線,#3333FF,1985-01-09,,直流1500V,alias,Wikidata Q10855763（2026-10-07取得）
北条鉄道,北条線,Q11402204,北条線,,1915,1067,,label,Wikidata Q11402204（2026-10-07取得）
北総鉄道,北総線,Q5353279,北総鉄道北総線,#00BFFF,1979-03-09,1435,直流1500V,alias,Wikidata Q5353279（2026-10-07取得）
北大阪急行電鉄,南北線,Q11401365,南北線,#E5171F,1970-02-24,1435,直流750V,label,Wikidata Q11401365（2026-10-07取得）
北陸鉄道,石川線,Q5878324,北陸鉄道石川線,,1915,1067,直流600V,alias,Wikidata Q5878324（2026-10-07取得）
北陸鉄道,浅野川線,Q11404476,北陸鉄道浅野川線,#FF6600,1925,1067,直流1500V,alias,Wikidata Q11404476（2026-10-07取得）
万葉線,新湊港線,Q6746077,万葉線新湊港線,#FF0000,,,,alias,Wikidata Q6746077（2026-10-07取得）
名古屋ガイドウェイバス,ガイドウェイバス志段味線,Q850582,ガイドウェイバス志段味線,,2001-03-23,,,label,Wikidata Q850582（2026-10-07取得）
名古屋市,1号線東山線,Q1132799,東山線,#FFB700,1957-11-15,1435,直流600V,label,Wikidata Q1132799（2026-10-07取得）
名古屋市,2号線名港線,Q1045061,名港線,#8F76D6,1971-03-29,1435,直流600V,label,Wikidata Q1045061（2026-10-07取得）
名古屋市,2号線名城線,Q906775,名城線,#8F76D6,1965-10-15,1435,直流600V,label,Wikidata Q906775（2026-10-07取得）
名古屋市,3号線鶴舞線,Q1043806,鶴舞線,#009BBF,1977-03-18,1067,直流1500V,label,Wikidata Q1043806（2026-10-07取得）
名古屋市,4号線名城線,Q906775,名城線,#8F76D6,1965-10-15,1435,直流600V,label,Wikidata Q906775（2026-10-07取得）
名古屋市,6号線桜通線,Q1132780,桜通線,#BD342C,1989-09-10,1067,直流1500V,label,Wikidata Q1132780（2026-10-07取得）
名古屋市,上飯田線,Q1078347,上飯田線,#EA7AB2,2003-03-27,1067,直流1500V,label,Wikidata Q1078347（2026-10-07取得）
名古屋鉄道,羽島線,Q900448,名鉄羽島線,#D09927,1982-12-11,1067,直流1500V,alias,Wikidata Q900448（2026-10-07取得）
名古屋鉄道,河和線,Q6810414,名鉄河和線,#00AEEF,1931,1067,直流1500V,alias,Wikidata Q6810414（2026-10-07取得）
名古屋鉄道,各務原線,Q6810415,名鉄各務原線,#07914B,1926-01-21,1067,直流1500V,alias,Wikidata Q6810415（2026-10-07取得）
名古屋鉄道,蒲郡線,Q6810403,名鉄蒲郡線,#6558A5,1929-08-11,1067,直流1500V,alias,Wikidata Q6810403（2026-10-07取得）
名古屋鉄道,空港線,Q4300832,名鉄空港線,#0072BC,2004,1067,直流1500V,suffix,Wikidata Q4300832（2026-10-07取得）
名古屋鉄道,犬山線,Q6810411,名鉄犬山線,#07914B,1910,1067,直流1500V,alias,Wikidata Q6810411（2026-10-07取得）
名古屋鉄道,広見線,Q6810410,名鉄広見線,#07914B,1944,1067,直流1500V,alias,Wikidata Q6810410（2026-10-07取得）
名古屋鉄道,三河線,Q11415758,名鉄三河線,,1914,1067,直流1500V,alias,Wikidata Q11415758（2026-10-07取得）
名古屋鉄道,小牧線,Q6788786,名鉄小牧線,#EF59A1,1931,1067,直流1500V,suffix,Wikidata Q6788786（2026-10-07取得）
名古屋鉄道,常滑線,Q6810420,名鉄常滑線,#0072BC,1913-08-31,1067,直流1500V,alias,Wikidata Q6810420（2026-10-07取得）
名古屋鉄道,瀬戸線,Q6810422,名鉄瀬戸線,#802990,1905,1067,直流1500V,alias,Wikidata Q6810422（2026-10-07取得）
名古屋鉄道,西尾線,Q6810417,名鉄西尾線,#6558A5,1911,1067,直流1500V,alias,Wikidata Q6810417（2026-10-07取得）
名古屋鉄道,知多新線,Q6810402,名鉄知多新線,#00AEEF,1974,1067,直流1500V,alias,Wikidata Q6810402（2026-10-07取得）
名古屋鉄道,築港線,Q6810399,名鉄築港線,#6C6D70,1924,1067,直流1500V,suffix,Wikidata Q6810399（2026-10-07取得）
名古屋鉄道,竹鼻線,Q901442,名鉄竹鼻線,#D09927,1921-06-25,1067,直流1500V,alias,Wikidata Q901442（2026-10-07取得）
名古屋鉄道,津島線,Q6810431,名鉄津島線,#F15921,1914,1067,直流1500V,alias,Wikidata Q6810431（2026-10-07取得）
名古屋鉄道,尾西線,Q901005,名鉄尾西線,#F15921,1898,1067,直流1500V,alias,Wikidata Q901005（2026-10-07取得）
名古屋鉄道,豊川線,Q1067558,名鉄豊川線,#CE1929,1954-12-25,1067,直流1500V,alias,Wikidata Q1067558（2026-10-07取得）
名古屋鉄道,豊田線,Q6810427,名鉄豊田線,#9AAB43,1979,1067,直流1500V,alias,Wikidata Q6810427（2026-10-07取得）
名古屋鉄道,名古屋本線,Q1137838,名鉄名古屋本線,#CE1929,1944-09-01,1067,直流1500V,alias,Wikidata Q1137838（2026-10-07取得）
名古屋臨海高速鉄道,西名古屋港線,Q911774,あおなみ線,#00008B,2004-10-06,1067,直流1500V,alias,Wikidata Q911774（2026-10-07取得）
明知鉄道,明知線,Q4700563,明知線,,1933-05-24,1067,,label,Wikidata Q4700563（2026-10-07取得）
野岩鉄道,会津鬼怒川線,Q5359477,会津鬼怒川線,,1986-10-09,1067,直流1500V,label,Wikidata Q5359477（2026-10-07取得）
由利高原鉄道,鳥海山ろく線,Q8061543,鳥海山ろく線,,1922-08-01,1067,非電化,label,Wikidata Q8061543（2026-10-07取得）
養老鉄道,養老線,Q8062665,養老線,,1913-07-31,1067,直流1500V,label,Wikidata Q8062665（2026-10-07取得）
流鉄,流山線,Q1055870,流鉄流山線,#618755,1916-03-14,1067,直流1500V,alias,Wikidata Q1055870（2026-10-07取得）
和歌山電鐵,貴志川線,Q6416586,貴志川線,,1916-02-15,1067,直流1500V,label,Wikidata Q6416586（2026-10-07取得）
